instant,season,mnth,hr,weekday,weathersit,temp,atemp,hum,windspeed,casual,registered,cnt
1,1,1,0,6,1,0.2151113796169455,0.2879,0.81,0.0,3,13,1.3437034446606386
2,1,1,1,6,1,0.1988508587451652,0.2727,0.8,0.0,8,32,1.5504460211620947
3,1,1,2,6,1,0.1988508587451652,0.2727,0.8,0.0,5,27,1.503300998004841
4,1,1,3,6,1,0.2151113796169455,0.2879,0.75,0.0,3,10,1.2917246727283112
5,1,1,4,6,1,0.2151113796169455,0.2879,0.75,0.0,0,1,0.5265890341390445
6,1,1,5,6,2,0.2151113796169455,0.2576,0.75,0.0896,0,1,0.5265890341390445
7,1,1,6,6,1,0.1988508587451652,0.2727,0.8,0.0,2,0,0.7412763113750153
8,1,1,7,6,1,0.18232155679395465,0.2576,0.86,0.0,1,2,0.8697416861919438
9,1,1,8,6,1,0.2151113796169455,,0.75,0.0,1,7,1.1622831138840004
10,1,1,9,6,1,0.2776317365982795,0.3485,0.76,0.0,8,6,1.3105061862047918
11,1,1,10,6,1,0.3220834991691133,0.3939,0.76,0.2537,12,24,1.5284269505599697
12,1,1,11,6,1,0.3074846997479606,0.3333,0.81,0.2836,26,30,1.6180113091810355
13,1,1,12,6,1,0.3506568716131694,0.4242,0.77,0.2836,29,55,1.6942663054703442
14,1,1,13,6,2,0.3784364357202451,0.4545,0.72,0.2985,47,47,1.7144962229206409
15,1,1,14,6,2,0.3784364357202451,0.4545,0.72,0.2836,35,71,1.7356879059276584
16,1,1,15,6,2,0.3646431135879093,0.4394,0.77,0.2985,40,70,1.742136743805324
17,1,1,16,6,2,0.3506568716131694,0.4242,0.82,0.2985,41,52,1.712589050021264
18,1,1,17,6,2,0.3646431135879093,,0.82,0.2836,15,52,1.6524030880939045
19,1,1,18,6,3,0.3506568716131694,0.4242,0.88,0.2537,9,26,1.5224670302876946
20,1,1,19,6,3,0.3506568716131694,0.4242,0.88,0.2537,6,31,1.5341940066777084
21,1,1,20,6,2,0.33647223662121295,0.4091,0.87,0.2537,11,25,1.5284269505599697
22,1,1,21,6,2,0.33647223662121295,0.4091,0.87,0.194,3,31,1.5163019408528369
23,1,1,22,6,2,0.33647223662121295,0.4091,0.94,0.2239,11,17,1.4741440143630178
24,1,1,23,6,2,0.3784364357202451,,0.88,0.2985,15,24,1.5451936315479267
25,1,1,0,0,2,0.3784364357202451,0.4545,0.88,0.2985,4,13,1.358504720646626
26,1,1,1,0,2,0.3646431135879093,0.4394,0.94,0.2537,1,16,1.358504720646626
27,1,1,2,0,2,0.3506568716131694,0.4242,1.0,0.2836,1,8,1.1947055233182955
28,1,1,3,0,2,0.3784364357202451,0.4545,0.94,0.194,2,4,1.0804178182729878
29,1,1,4,0,2,0.3784364357202451,,0.94,0.194,2,1,0.8697416861919438
30,1,1,6,0,3,0.3506568716131694,0.4242,0.77,0.2985,0,2,0.7412763113750153
31,1,1,7,0,2,0.33647223662121295,0.4091,0.76,0.194,0,1,0.5265890341390445
32,1,1,8,0,3,0.33647223662121295,0.4091,0.71,0.2239,0,8,1.1622831138840004
33,1,1,9,0,2,0.3220834991691133,,0.76,0.2239,1,19,1.3973634811730353
34,1,1,10,0,2,0.3074846997479606,0.3485,0.81,0.2239,7,46,1.607232291151654
35,1,1,11,0,2,0.3074846997479606,0.3333,0.71,0.2537,16,54,1.6606403793348095
36,1,1,12,0,2,0.3074846997479606,0.3333,0.66,0.2985,20,73,1.712589050021264
37,1,1,13,0,2,0.3074846997479606,0.3485,0.66,0.1343,11,64,1.6734888160092363
38,1,1,14,0,3,0.3074846997479606,,0.76,0.194,4,55,1.6281310150671582
39,1,1,15,0,3,0.29266961396282,0.3333,0.81,0.1642,19,55,1.6710010327416251
40,1,1,16,0,3,0.29266961396282,0.3333,0.71,0.1642,9,67,1.6759380249901916
41,1,1,17,0,1,0.29266961396282,0.3333,0.57,0.194,7,58,1.6466671712706678
42,1,1,18,0,2,0.3074846997479606,0.3333,0.46,0.3284,10,43,1.607232291151654
43,1,1,19,0,1,0.2776317365982795,0.2879,0.42,0.4478,1,29,1.4892992254175486
44,1,1,20,0,1,0.262364264467491,,0.39,0.3582,5,17,1.4196068415100236
45,1,1,21,0,1,0.23111172096338664,0.2273,0.44,0.3284,11,20,1.496434016604423
46,1,1,22,0,1,0.2151113796169455,0.2121,0.44,0.2985,0,9,1.1947055233182955
47,1,1,23,0,1,0.1988508587451652,0.2273,0.47,0.1642,0,8,1.1622831138840004
48,1,1,0,1,1,0.1988508587451652,0.197,0.44,0.3582,0,5,1.026672031199051
49,1,1,1,1,1,0.18232155679395465,,0.44,0.4179,0,2,0.7412763113750153
50,1,1,4,1,1,0.1484200051182733,0.1364,0.47,0.3881,0,1,0.5265890341390445
51,1,1,5,1,1,0.1484200051182733,0.1364,0.47,0.2836,0,3,0.8697416861919438
52,1,1,6,1,1,0.13102826240640408,0.1061,0.5,0.3881,0,30,1.4892992254175486
53,1,1,7,1,1,0.13102826240640408,0.1364,0.5,0.194,1,63,1.6437209301888343
54,1,1,8,1,1,0.13102826240640408,0.1212,0.5,0.2836,1,153,1.798970923559588
55,1,1,9,1,1,0.1484200051182733,0.1364,0.43,0.3881,7,81,1.7026798402849839
56,1,1,10,1,1,0.16551443847757338,0.1667,0.43,0.2537,11,33,1.570002974208493
57,1,1,11,1,1,0.18232155679395465,0.1818,0.4,0.3284,10,41,1.5996388013001024
58,1,1,12,1,1,0.1988508587451652,0.2121,0.35,0.2985,13,48,1.63454690370149
59,1,1,13,1,1,0.2151113796169455,,0.35,0.2836,8,53,1.63454690370149
60,1,1,14,1,1,0.23111172096338664,0.2424,0.3,0.2836,11,66,1.6783497616208911
61,1,1,15,1,1,0.23111172096338664,0.2424,0.3,0.2537,14,58,1.6659050929776016
62,1,1,16,1,1,0.23111172096338664,0.2424,0.3,0.2537,9,67,1.6759380249901916
63,1,1,17,1,1,0.2151113796169455,0.2273,0.3,0.2239,11,146,1.8021379316915813
64,1,1,18,1,1,0.2151113796169455,0.2576,0.32,0.1045,9,148,1.8021379316915813
65,1,1,19,1,1,0.18232155679395465,0.2576,0.47,0.0,8,102,1.742136743805324
66,1,1,20,1,1,0.18232155679395465,,0.47,0.1045,3,49,1.6034785735048491
67,1,1,21,1,1,0.16551443847757338,0.197,0.64,0.1343,3,49,1.6034785735048491
68,1,1,22,1,1,0.13102826240640408,0.1515,0.69,0.1343,0,20,1.3973634811730353
69,1,1,23,1,1,0.16551443847757338,0.2121,0.55,0.1045,1,11,1.2711498482847257
70,1,1,0,2,1,0.1484200051182733,,0.55,0.1045,0,5,1.026672031199051
71,1,1,1,2,1,0.1484200051182733,0.1818,0.59,0.1045,0,2,0.7412763113750153
72,1,1,2,2,1,0.13102826240640408,0.1515,0.63,0.1343,0,1,0.5265890341390445
73,1,1,4,2,1,0.13102826240640408,0.1818,0.63,0.0896,0,2,0.7412763113750153
74,1,1,5,2,1,0.11332868530700317,0.1515,0.68,0.1045,0,4,0.9591348389208239
75,1,1,6,2,1,0.11332868530700317,0.1515,0.74,0.1045,0,36,1.5284269505599697
76,1,1,7,2,1,0.11332868530700317,0.1515,0.74,0.1343,2,92,1.7144962229206409
77,1,1,8,2,1,0.13102826240640408,0.1515,0.69,0.1642,2,177,1.8234126545313947
78,1,1,9,2,1,0.1484200051182733,0.1515,0.64,0.2239,2,98,1.7254630513334037
79,1,1,10,2,2,0.1484200051182733,0.1364,0.69,0.3284,5,37,1.5604997616108316
80,1,1,11,2,1,0.1988508587451652,0.2121,0.51,0.2985,7,50,1.6214540309583532
81,1,1,12,2,1,0.1988508587451652,0.2273,0.51,0.1642,12,66,1.6807250824647135
82,1,1,13,2,1,0.2151113796169455,0.2273,0.56,0.194,18,79,1.7200786095266942
83,1,1,14,2,1,0.23111172096338664,0.2576,0.52,0.2239,9,54,1.6407200993500939
84,1,1,15,2,1,0.2468600779315258,0.2727,0.52,0.2537,17,48,1.6466671712706678
85,1,1,16,2,1,0.262364264467491,0.2879,0.49,0.2537,15,68,1.6920895459931111
86,1,1,17,2,1,0.2468600779315258,0.2727,0.48,0.2239,10,202,1.8273919355670145
87,1,1,18,2,1,0.23111172096338664,0.2576,0.48,0.194,3,179,1.8260781474077188
88,1,1,19,2,1,0.2151113796169455,0.2576,0.48,0.1045,2,110,1.74525954872198
89,1,1,20,2,1,0.2151113796169455,0.2576,0.48,0.1045,1,53,1.6109034750189168
90,1,1,21,2,1,0.1988508587451652,0.2727,0.64,0.0,0,48,1.5875644833216505
91,1,1,22,2,1,0.1988508587451652,0.2576,0.64,0.0896,1,34,1.5224670302876946
92,1,1,23,2,1,0.18232155679395465,0.2273,0.69,0.0896,2,9,1.2484412575662103
93,1,1,0,3,1,0.18232155679395465,0.2576,0.64,0.0,0,6,1.0804178182729878
94,1,1,1,3,1,0.1484200051182733,0.197,0.74,0.0896,0,6,1.0804178182729878
95,1,1,2,3,1,0.1484200051182733,0.197,0.74,0.0896,0,2,0.7412763113750153
96,1,1,4,3,1,0.2151113796169455,0.2273,0.48,0.2239,0,2,0.7412763113750153
97,1,1,5,3,1,0.1988508587451652,0.2273,0.47,0.1642,0,3,0.8697416861919438
98,1,1,6,3,1,0.18232155679395465,0.197,0.47,0.2239,0,33,1.5099182003836584
99,1,1,7,3,1,0.16551443847757338,0.1818,0.43,0.194,1,87,1.7026798402849839
100,1,1,8,3,1,0.18232155679395465,0.1818,0.4,0.2985,3,192,1.8273919355670145
101,1,1,9,3,1,0.1988508587451652,0.197,0.37,0.3284,6,109,1.749824041026481
102,1,1,10,3,1,0.1988508587451652,0.197,0.37,0.3284,4,53,1.6214540309583532
103,1,1,11,3,1,0.23111172096338664,0.2273,0.33,0.3284,12,34,1.579009137828587
104,1,1,12,3,1,0.23111172096338664,0.2273,0.33,0.3284,5,74,1.6830650011356274
105,1,1,13,3,1,0.2468600779315258,0.2576,0.3,0.2985,6,65,1.6632944814375767
106,1,1,14,3,1,0.262364264467491,0.2879,0.28,0.194,10,52,1.637662762520353
107,1,1,15,3,1,0.262364264467491,0.2879,0.28,0.194,7,55,1.637662762520353
108,1,1,16,3,1,0.262364264467491,0.3182,0.28,0.0896,4,85,1.7047134862451474
109,1,1,17,3,1,0.2151113796169455,0.2273,0.38,0.194,4,186,1.8273919355670145
110,1,1,18,3,1,0.2151113796169455,0.2424,0.38,0.1343,3,166,1.8141402142832723
111,1,1,19,3,1,0.2151113796169455,0.2576,0.38,0.1045,5,127,1.7733152706473527
112,1,1,20,3,1,0.1988508587451652,0.2273,0.47,0.1642,7,82,1.7047134862451474
113,1,1,21,3,1,0.18232155679395465,0.197,0.51,0.194,3,40,1.5653166550596793
114,1,1,22,3,1,0.16551443847757338,0.197,0.55,0.1343,1,41,1.5604997616108316
115,1,1,23,3,1,0.18232155679395465,0.2576,0.47,0.0,1,18,1.3852268599316875
116,1,1,0,4,1,0.16551443847757338,0.2424,0.55,0.0,0,11,1.2484412575662103
117,1,1,1,4,1,0.1484200051182733,0.2273,0.64,0.0,0,4,0.9591348389208239
118,1,1,2,4,1,0.1484200051182733,0.2273,0.64,0.0,0,2,0.7412763113750153
119,1,1,4,4,2,0.1484200051182733,0.197,0.64,0.0896,0,1,0.5265890341390445
120,1,1,5,4,2,0.13102826240640408,0.1818,0.69,0.0896,0,4,0.9591348389208239
121,1,1,6,4,2,0.13102826240640408,0.1667,0.63,0.1045,0,36,1.5284269505599697
122,1,1,7,4,2,0.1484200051182733,0.2273,0.59,0.0,0,95,1.7163798514467992
123,1,1,8,4,1,0.1484200051182733,0.2273,0.59,0.0,3,216,1.8273919355670145
124,1,1,9,4,2,0.16551443847757338,0.2424,0.51,0.0,6,116,1.7599564649868773
125,1,1,10,4,1,0.18232155679395465,0.2576,0.47,0.0,3,42,1.5745651437258248
126,1,1,11,4,1,0.1988508587451652,0.2576,0.44,0.0896,2,57,1.6281310150671582
127,1,1,12,4,1,0.23111172096338664,0.2879,0.35,0.0,6,78,1.6942663054703442
128,1,1,13,4,1,0.23111172096338664,0.2727,0.35,0.1045,12,55,1.6524030880939045
129,1,1,14,4,1,0.2468600779315258,0.2727,0.36,0.1642,11,59,1.6606403793348095
130,1,1,15,4,1,0.2468600779315258,0.2727,0.36,0.0,8,54,1.637662762520353
131,1,1,16,4,1,0.23111172096338664,0.2576,0.38,0.1642,12,74,1.6985302777514544
132,1,1,17,4,1,0.1988508587451652,0.2273,0.51,0.1642,9,163,1.8169871572575529
133,1,1,18,4,1,0.1988508587451652,0.2273,0.51,0.1343,5,158,1.8082668738615209
134,1,1,19,4,1,0.1988508587451652,0.2576,0.55,0.0896,3,109,1.74525954872198
135,1,1,20,4,1,0.18232155679395465,0.2121,0.51,0.1642,3,66,1.6579414149579819
136,1,1,21,4,2,0.1988508587451652,0.2121,0.55,0.2239,0,48,1.5875644833216505
137,1,1,22,4,2,0.1988508587451652,0.2121,0.51,0.2836,1,51,1.6034785735048491
138,1,1,23,4,2,0.18232155679395465,0.197,0.59,0.194,4,19,1.4298455472897516
139,1,1,0,5,2,0.18232155679395465,0.197,0.64,0.194,4,13,1.358504720646626
140,1,1,1,5,2,0.18232155679395465,0.197,0.69,0.2239,2,5,1.1247482629090362
141,1,1,2,5,2,0.18232155679395465,0.197,0.69,0.2239,0,1,0.5265890341390445
142,1,1,4,5,2,0.18232155679395465,0.2121,0.69,0.1343,0,1,0.5265890341390445
143,1,1,5,5,3,0.1988508587451652,0.2727,0.55,0.0,0,5,1.026672031199051
144,1,1,6,5,2,0.18232155679395465,0.2576,0.69,0.0,8,26,1.5163019408528369
145,1,1,7,5,1,0.18232155679395465,0.2121,0.69,0.1343,8,76,1.6942663054703442
146,1,1,8,5,1,0.18232155679395465,0.197,0.51,0.2537,20,190,1.8273919355670145
147,1,1,9,5,1,0.18232155679395465,0.1818,0.47,0.2985,9,125,1.775845981748474
148,1,1,10,5,1,0.1988508587451652,0.197,0.37,0.3284,16,47,1.6407200993500939
149,1,1,11,5,2,0.18232155679395465,0.197,0.4,0.2239,19,48,1.6524030880939045
150,1,1,12,5,2,0.18232155679395465,0.197,0.37,0.2537,9,50,1.6281310150671582
151,1,1,13,5,2,0.18232155679395465,0.1818,0.37,0.2836,9,64,1.6684735252826461
152,1,1,14,5,2,0.18232155679395465,0.197,0.4,0.2537,7,43,1.5957092304038698
153,1,1,15,5,2,0.18232155679395465,0.2121,0.37,0.1642,9,63,1.6659050929776016
154,1,1,16,5,2,0.18232155679395465,0.2121,0.37,0.1642,5,82,1.700619000072578
155,1,1,17,5,2,0.18232155679395465,0.2576,0.37,0.0,9,178,1.8273919355670145
156,1,1,18,5,1,0.18232155679395465,0.2273,0.4,0.0896,7,116,1.7613486395430595
157,1,1,19,5,1,0.1484200051182733,0.197,0.55,0.0896,3,92,1.7163798514467992
158,1,1,20,5,1,0.16551443847757338,0.2121,0.47,0.1045,1,50,1.5996388013001024
159,1,1,21,5,1,0.16551443847757338,0.197,0.47,0.1343,0,39,1.5451936315479267
160,1,1,22,5,2,0.16551443847757338,0.197,0.43,0.1642,2,34,1.5284269505599697
161,1,1,23,5,2,0.16551443847757338,0.197,0.51,0.1642,1,14,1.327761429538331
162,1,1,0,6,2,0.16551443847757338,0.197,0.51,0.1642,1,24,1.448822238365871
163,1,1,1,6,2,0.16551443847757338,0.2121,0.55,0.0896,1,15,1.3437034446606386
164,1,1,2,6,2,0.16551443847757338,0.2424,0.55,0.0,3,13,1.3437034446606386
165,1,1,3,6,3,0.16551443847757338,0.197,0.55,0.1642,0,7,1.1247482629090362
166,1,1,4,6,3,0.16551443847757338,0.197,0.55,0.1642,0,1,0.5265890341390445
167,1,1,5,6,2,0.1484200051182733,0.1667,0.74,0.1642,0,5,1.026672031199051
168,1,1,6,6,2,0.1484200051182733,0.1667,0.74,0.1642,0,2,0.7412763113750153
169,1,1,7,6,2,0.1484200051182733,0.1818,0.74,0.1045,1,8,1.1947055233182955
170,1,1,8,6,3,0.1484200051182733,0.1818,0.93,0.1045,0,15,1.327761429538331
171,1,1,9,6,3,0.1484200051182733,0.1818,0.93,0.1045,0,20,1.3973634811730353
172,1,1,10,6,2,0.16551443847757338,0.197,0.8,0.1642,5,56,1.63454690370149
173,1,1,11,6,2,0.18232155679395465,0.1818,0.69,0.3881,2,60,1.637662762520353
174,1,1,12,6,2,0.18232155679395465,0.1818,0.59,0.3582,8,90,1.7218947624700471
175,1,1,13,6,1,0.18232155679395465,0.1818,0.44,0.3284,7,95,1.7289490519659823
176,1,1,14,6,1,0.18232155679395465,0.1667,0.32,0.4925,12,83,1.7163798514467992
177,1,1,15,6,1,0.18232155679395465,0.1667,0.32,0.4478,5,69,1.6710010327416251
178,1,1,16,6,1,0.16551443847757338,0.1364,0.29,0.4478,8,68,1.6759380249901916
179,1,1,17,6,1,0.1484200051182733,0.1212,0.37,0.5522,5,64,1.6579414149579819
180,1,1,18,6,1,0.13102826240640408,0.1212,0.39,0.2985,3,52,1.6144954397020792
181,1,1,19,6,1,0.13102826240640408,0.1212,0.36,0.2537,4,26,1.4892992254175486
182,1,1,20,6,1,0.11332868530700317,0.1212,0.36,0.2537,0,28,1.4741440143630178
183,1,1,21,6,1,0.11332868530700317,0.1061,0.39,0.3582,2,35,1.5341940066777084
184,1,1,22,6,1,0.11332868530700317,0.1061,0.36,0.3881,1,33,1.5163019408528369
185,1,1,23,6,1,0.09531017980432487,0.0606,0.39,0.4478,0,22,1.4196068415100236
186,1,1,0,0,1,0.09531017980432487,0.0758,0.42,0.3881,1,24,1.448822238365871
187,1,1,1,0,1,0.09531017980432487,0.0606,0.42,0.4627,0,12,1.2711498482847257
188,1,1,2,0,1,0.09531017980432487,0.0606,0.46,0.4627,0,11,1.2484412575662103
189,1,1,3,0,1,0.09531017980432487,0.0758,0.46,0.4179,0,4,0.9591348389208239
190,1,1,4,0,1,0.07696104113612832,0.0909,0.53,0.194,0,1,0.5265890341390445
191,1,1,5,0,1,0.07696104113612832,0.0909,0.53,0.194,0,1,0.5265890341390445
192,1,1,6,0,1,0.09531017980432487,0.0909,0.49,0.2836,0,1,0.5265890341390445
193,1,1,7,0,1,0.07696104113612832,0.0909,0.53,0.194,1,5,1.0804178182729878
194,1,1,8,0,1,0.09531017980432487,0.0909,0.49,0.2836,0,10,1.223156202527103
195,1,1,9,0,1,0.11332868530700317,0.0758,0.46,0.5224,0,19,1.3852268599316875
196,1,1,10,0,1,0.13102826240640408,0.1061,0.43,0.3881,0,49,1.5916858743493758
197,1,1,11,0,1,0.1484200051182733,0.1212,0.4,0.5224,2,47,1.5916858743493758
198,1,1,12,0,1,0.16551443847757338,0.1364,0.37,0.4478,4,79,1.6920895459931111
199,1,1,13,0,1,0.18232155679395465,0.1667,0.34,0.4478,6,69,1.6734888160092363
200,1,1,14,0,1,0.1988508587451652,0.1818,0.32,0.4627,8,64,1.6659050929776016
201,1,1,15,0,1,0.1988508587451652,0.197,0.35,0.3582,5,77,1.68988188256892
202,1,1,16,0,1,0.18232155679395465,0.1667,0.34,0.4478,13,79,1.710657776180059
203,1,1,17,0,1,0.16551443847757338,0.1515,0.37,0.3881,3,59,1.637662762520353
204,1,1,18,0,1,0.1484200051182733,0.1364,0.4,0.3284,4,44,1.5875644833216505
205,1,1,19,0,1,0.1484200051182733,0.1364,0.43,0.3284,1,40,1.5555453730992024
206,1,1,20,0,1,0.13102826240640408,0.1212,0.46,0.2537,0,38,1.5397794579522743
207,1,1,21,0,1,0.13102826240640408,0.1061,0.46,0.4179,1,19,1.3973634811730353
208,1,1,22,0,1,0.13102826240640408,0.1212,0.46,0.2985,5,10,1.327761429538331
209,1,1,23,0,1,0.11332868530700317,0.1364,0.5,0.194,0,6,1.0804178182729878
210,1,1,0,1,1,0.11332868530700317,0.1212,0.5,0.2836,2,3,1.026672031199051
211,1,1,1,1,1,0.11332868530700317,0.1212,0.5,0.2836,1,0,0.5265890341390445
212,1,1,2,1,1,0.11332868530700317,0.1212,0.5,0.2239,0,3,0.8697416861919438
213,1,1,3,1,1,0.11332868530700317,0.1212,0.5,0.2239,0,1,0.5265890341390445
214,1,1,4,1,1,0.09531017980432487,0.1212,0.54,0.1343,1,2,0.8697416861919438
215,1,1,5,1,1,0.09531017980432487,0.1061,0.54,0.2537,0,3,0.8697416861919438
216,1,1,6,1,1,0.11332868530700317,0.1212,0.5,0.2836,0,31,1.496434016604423
217,1,1,7,1,1,0.11332868530700317,0.1212,0.5,0.2239,2,75,1.6783497616208911
218,1,1,8,1,2,0.11332868530700317,0.1212,0.5,0.2836,4,184,1.8273919355670145
219,1,1,9,1,2,0.13102826240640408,0.1212,0.5,0.2537,2,92,1.7144962229206409
220,1,1,10,1,2,0.13102826240640408,0.1212,0.5,0.2985,0,31,1.496434016604423
221,1,1,11,1,2,0.1484200051182733,0.1364,0.47,0.2836,2,28,1.4892992254175486
222,1,1,12,1,2,0.18232155679395465,0.1818,0.4,0.2836,5,47,1.6034785735048491
223,1,1,13,1,2,0.18232155679395465,0.1818,0.4,0.2836,4,50,1.6109034750189168
224,1,1,14,1,2,0.18232155679395465,0.197,0.4,0.2239,0,47,1.583340520839692
225,1,1,15,1,2,0.18232155679395465,0.197,0.4,0.2239,2,43,1.5745651437258248
226,1,1,16,1,1,0.18232155679395465,0.2121,0.4,0.1343,4,70,1.6710010327416251
227,1,1,17,1,1,0.18232155679395465,0.2273,0.4,0.1045,4,174,1.8225126721028055
228,1,1,18,1,1,0.18232155679395465,0.197,0.4,0.2239,1,154,1.8000344713048928
229,1,1,19,1,1,0.1484200051182733,0.1667,0.47,0.1642,3,92,1.7163798514467992
230,1,1,20,1,1,0.1484200051182733,0.1667,0.5,0.1642,1,73,1.6710010327416251
231,1,1,21,1,1,0.13102826240640408,0.1364,0.59,0.194,1,37,1.5397794579522743
232,1,1,22,1,1,0.13102826240640408,0.1515,0.59,0.1642,2,22,1.4395687003478859
233,1,1,23,1,1,0.13102826240640408,0.1515,0.59,0.1642,0,18,1.372306733580753
234,1,1,0,2,1,0.13102826240640408,0.1667,0.59,0.1045,2,10,1.2711498482847257
235,1,1,1,2,1,0.13102826240640408,0.1515,0.59,0.1642,0,3,0.8697416861919438
236,1,1,2,2,2,0.1484200051182733,0.1515,0.55,0.194,0,3,0.8697416861919438
237,1,1,5,2,2,0.1484200051182733,0.1818,0.55,0.1343,0,6,1.0804178182729878
238,1,1,6,2,2,0.1484200051182733,0.1818,0.55,0.1343,0,27,1.4660765372061442
239,1,1,7,2,2,0.1484200051182733,0.2273,0.55,0.0,2,97,1.7236894193081456
240,1,1,8,2,2,0.16551443847757338,0.2121,0.51,0.0896,3,214,1.8273919355670145
241,1,1,9,2,2,0.16551443847757338,0.197,0.51,0.1642,3,127,1.77073964639405
242,1,1,10,2,2,0.18232155679395465,0.2121,0.51,0.1642,3,51,1.6109034750189168
243,1,1,11,2,2,0.18232155679395465,0.2121,0.47,0.1343,4,31,1.5224670302876946
244,1,1,12,2,2,0.18232155679395465,0.2273,0.51,0.1045,2,55,1.6214540309583532
245,1,1,13,2,2,0.18232155679395465,0.2273,0.59,0.0896,6,46,1.6034785735048491
246,1,1,14,2,2,0.18232155679395465,0.2273,0.59,0.0896,3,60,1.6407200993500939
247,1,1,15,2,2,0.1484200051182733,0.197,0.8,0.0896,2,45,1.583340520839692
248,1,1,16,2,2,0.1484200051182733,0.1515,0.86,0.2239,4,72,1.6759380249901916
249,1,1,17,2,2,0.1484200051182733,0.1515,0.86,0.2239,6,130,1.7783332269022314
250,1,1,18,2,3,0.1484200051182733,0.1818,0.93,0.1045,1,94,1.7163798514467992
251,1,1,19,2,3,0.1484200051182733,0.2273,0.93,0.0,0,51,1.5996388013001024
252,1,1,20,2,3,0.1484200051182733,0.1515,0.93,0.194,0,32,1.503300998004841
253,1,1,21,2,3,0.1484200051182733,0.197,0.86,0.0896,0,20,1.3973634811730353
254,1,1,22,2,3,0.1484200051182733,0.1818,0.93,0.1045,1,28,1.4818766360989102
255,1,1,23,2,3,0.1484200051182733,0.197,0.93,0.0896,1,18,1.3852268599316875
256,1,1,0,3,2,0.1484200051182733,0.197,0.86,0.0896,0,7,1.1247482629090362
257,1,1,1,3,2,0.1484200051182733,0.1818,0.86,0.1045,0,6,1.0804178182729878
258,1,1,2,3,1,0.13102826240640408,0.1515,0.86,0.1343,0,1,0.5265890341390445
259,1,1,5,3,1,0.13102826240640408,0.1515,0.86,0.1642,0,5,1.026672031199051
260,1,1,6,3,1,0.11332868530700317,0.1515,0.93,0.1343,0,16,1.3437034446606386
261,1,1,7,3,1,0.13102826240640408,0.1515,0.69,0.1343,0,54,1.6109034750189168
262,1,1,8,3,1,0.1484200051182733,0.1667,0.59,0.1642,3,125,1.7681175901689328
263,1,1,9,3,1,0.1484200051182733,0.1364,0.59,0.3284,3,78,1.6876424851132221
264,1,1,10,3,1,0.16551443847757338,0.1818,0.55,0.2239,0,39,1.5451936315479267
265,1,1,11,3,1,0.18232155679395465,0.1818,0.51,0.3881,3,32,1.5224670302876946
266,1,1,12,3,1,0.18232155679395465,0.1515,0.47,0.5821,3,52,1.6144954397020792
267,1,1,13,3,1,0.1988508587451652,0.197,0.44,0.3582,0,49,1.5916858743493758
268,1,1,14,3,1,0.18232155679395465,0.1818,0.47,0.3284,0,44,1.570002974208493
269,1,1,15,3,1,0.18232155679395465,0.1667,0.47,0.4179,1,48,1.5916858743493758
270,1,1,16,3,1,0.1988508587451652,0.197,0.44,0.3284,5,63,1.6551961525056738
271,1,1,17,3,1,0.18232155679395465,0.1818,0.47,0.3582,0,139,1.781985597277665
272,1,1,18,3,1,0.18232155679395465,0.1515,0.47,0.5224,2,135,1.7795609835022244
273,1,1,19,3,1,0.16551443847757338,0.1515,0.47,0.4179,1,82,1.6920895459931111
274,1,1,20,3,1,0.1484200051182733,0.1364,0.5,0.3284,2,54,1.6180113091810355
275,1,1,21,3,1,0.1484200051182733,0.1364,0.55,0.3284,0,57,1.6214540309583532
276,1,1,22,3,1,0.1484200051182733,0.1212,0.55,0.4478,1,32,1.5099182003836584
277,1,1,23,3,1,0.13102826240640408,0.1061,0.59,0.4179,1,19,1.3973634811730353
278,1,1,0,4,1,0.13102826240640408,0.1212,0.59,0.2836,1,6,1.1247482629090362
279,1,1,1,4,1,0.13102826240640408,0.1212,0.5,0.2836,0,2,0.7412763113750153
280,1,1,2,4,1,0.13102826240640408,0.1212,0.5,0.3582,0,2,0.7412763113750153
281,1,1,3,4,1,0.13102826240640408,0.1212,0.5,0.3284,0,3,0.8697416861919438
282,1,1,4,4,1,0.13102826240640408,0.1212,0.5,0.2537,0,4,0.9591348389208239
283,1,1,5,4,1,0.13102826240640408,0.1212,0.5,0.2985,0,3,0.8697416861919438
284,1,1,6,4,1,0.11332868530700317,0.1515,0.54,0.1343,0,28,1.4741440143630178
285,1,1,7,4,1,0.11332868530700317,0.1515,0.54,0.1343,0,72,1.6659050929776016
286,1,1,8,4,1,0.13102826240640408,0.1364,0.5,0.194,5,197,1.8273919355670145
287,1,1,9,4,1,0.13102826240640408,0.1212,0.5,0.3284,2,137,1.781985597277665
288,1,1,10,4,2,0.1484200051182733,0.1364,0.5,0.3582,2,36,1.5397794579522743
289,1,1,11,4,2,0.18232155679395465,0.1667,0.44,0.4478,4,33,1.5341940066777084
290,1,1,12,4,1,0.18232155679395465,0.1667,0.44,0.4179,3,49,1.6034785735048491
291,1,1,13,4,1,0.1988508587451652,0.197,0.41,0.4478,2,81,1.6920895459931111
292,1,1,14,4,1,0.1988508587451652,0.197,0.41,0.3881,3,39,1.5604997616108316
293,1,1,15,4,1,0.2151113796169455,0.2121,0.38,0.2985,5,55,1.6313704001963978
294,1,1,16,4,1,0.2151113796169455,0.2121,0.38,0.3582,2,76,1.6807250824647135
295,1,1,17,4,1,0.18232155679395465,0.1818,0.4,0.2836,4,158,1.8072636887169242
296,1,1,18,4,1,0.18232155679395465,0.1818,0.4,0.3284,3,141,1.7878742218230284
297,1,1,19,4,1,0.1484200051182733,0.1515,0.47,0.2537,1,98,1.7236894193081456
298,1,1,20,4,1,0.1484200051182733,0.1515,0.47,0.2239,0,64,1.6437209301888343
299,1,1,21,4,1,0.13102826240640408,0.1212,0.46,0.2985,0,40,1.5504460211620947
300,1,1,22,4,1,0.13102826240640408,0.1212,0.46,0.3284,0,30,1.4892992254175486
301,1,1,23,4,1,0.11332868530700317,0.1364,0.5,0.194,1,14,1.327761429538331
302,1,1,0,5,1,0.11332868530700317,0.1364,0.5,0.194,0,14,1.3105061862047918
303,1,1,1,5,1,0.09531017980432487,0.1212,0.54,0.1642,0,5,1.026672031199051
304,1,1,2,5,1,0.09531017980432487,0.1212,0.54,0.1343,0,1,0.5265890341390445
305,1,1,3,5,1,0.09531017980432487,0.1364,0.54,0.1045,0,1,0.5265890341390445
306,1,1,5,5,1,0.09531017980432487,0.1364,0.54,0.0896,0,8,1.1622831138840004
307,1,1,6,5,1,0.09531017980432487,0.1818,0.54,0.0,0,17,1.358504720646626
308,1,1,7,5,1,0.09531017980432487,0.1212,0.74,0.1642,0,70,1.6606403793348095
309,1,1,8,5,1,0.11332868530700317,0.1667,0.68,0.0,2,156,1.8031780619573843
310,1,1,9,5,1,0.13102826240640408,0.1515,0.69,0.1343,0,117,1.752790725901759
311,1,1,10,5,1,0.16551443847757338,0.1818,0.55,0.194,4,40,1.570002974208493
312,1,1,11,5,1,0.16551443847757338,0.1667,0.51,0.2836,6,47,1.607232291151654
313,1,1,12,5,1,0.18232155679395465,0.197,0.44,0.2537,2,59,1.63454690370149
314,1,1,13,5,1,0.1988508587451652,0.197,0.37,0.3881,4,73,1.6783497616208911
315,1,1,14,5,1,0.1988508587451652,0.2121,0.41,0.2836,5,59,1.6437209301888343
316,1,1,15,5,1,0.2151113796169455,0.2424,0.38,0.1642,9,59,1.6551961525056738
317,1,1,16,5,1,0.1988508587451652,0.2424,0.41,0.1045,3,87,1.7067206012930416
318,1,1,17,5,1,0.1988508587451652,0.2273,0.41,0.1642,4,155,1.804210600378433
319,1,1,18,5,1,0.18232155679395465,0.2576,0.47,0.0,5,134,1.781985597277665
320,1,1,19,5,1,0.1484200051182733,0.197,0.59,0.0896,3,89,1.710657776180059
321,1,1,20,5,1,0.16551443847757338,0.2424,0.59,0.0,0,68,1.6551961525056738
322,1,1,21,5,1,0.1484200051182733,0.2273,0.69,0.0,4,48,1.6034785735048491
323,1,1,22,5,2,0.1484200051182733,0.2273,0.69,0.0,2,34,1.5284269505599697
324,1,1,23,5,2,0.16551443847757338,0.2424,0.55,0.0,1,26,1.4660765372061442
325,1,1,0,6,1,0.16551443847757338,0.2424,0.55,0.0,3,25,1.4741440143630178
326,1,1,1,6,2,0.1484200051182733,0.197,0.59,0.0896,2,18,1.3973634811730353
327,1,1,2,6,2,0.1484200051182733,0.197,0.59,0.0896,0,12,1.2711498482847257
328,1,1,3,6,2,0.1484200051182733,0.2273,0.59,0.0,1,7,1.1622831138840004
329,1,1,4,6,2,0.1484200051182733,0.2273,0.59,0.0,0,5,1.026672031199051
330,1,1,5,6,1,0.1484200051182733,0.2273,0.59,0.0,0,1,0.5265890341390445
331,1,1,6,6,1,0.13102826240640408,0.1667,0.63,0.1045,1,2,0.8697416861919438
332,1,1,7,6,1,0.13102826240640408,0.2121,0.63,0.0,1,9,1.223156202527103
333,1,1,8,6,1,0.13102826240640408,0.1515,0.63,0.1343,1,22,1.4298455472897516
334,1,1,9,6,1,0.1484200051182733,0.1818,0.64,0.1343,2,31,1.5099182003836584
335,1,1,10,6,1,0.16551443847757338,0.197,0.59,0.1642,2,57,1.6281310150671582
336,1,1,11,6,1,0.18232155679395465,0.197,0.55,0.2239,18,54,1.6659050929776016
337,1,1,12,6,1,0.2151113796169455,0.2273,0.48,0.2239,15,74,1.7047134862451474
338,1,1,13,6,1,0.2468600779315258,0.2576,0.38,0.2985,21,80,1.7272161148848966
339,1,1,14,6,1,0.262364264467491,0.2879,0.39,0.2836,26,92,1.7542520263946595
340,1,1,15,6,2,0.2776317365982795,0.3182,0.36,0.194,21,108,1.7694345201285457
341,1,1,16,6,2,0.29266961396282,0.3333,0.34,0.194,33,95,1.7681175901689328
342,1,1,17,6,2,0.2776317365982795,0.303,0.36,0.2836,29,54,1.6920895459931111
343,1,1,18,6,2,0.262364264467491,0.2879,0.45,0.2537,15,69,1.6942663054703442
344,1,1,19,6,2,0.2776317365982795,0.303,0.39,0.2537,14,60,1.6710010327416251
345,1,1,20,6,2,0.2776317365982795,0.303,0.39,0.2537,6,35,1.5555453730992024
346,1,1,21,6,2,0.2776317365982795,0.303,0.39,0.2239,6,51,1.6214540309583532
347,1,1,22,6,2,0.262364264467491,0.3182,0.42,0.1045,0,26,1.4576463830228739
348,1,1,23,6,1,0.262364264467491,0.2879,0.45,0.2836,5,39,1.570002974208493
349,1,1,0,0,1,0.23111172096338664,0.303,0.56,0.0,6,33,1.5451936315479267
350,1,1,1,0,1,0.23111172096338664,0.2727,0.56,0.1343,4,19,1.4298455472897516
351,1,1,2,0,1,0.23111172096338664,0.2879,0.56,0.0896,3,13,1.3437034446606386
352,1,1,3,0,1,0.1988508587451652,0.2727,0.69,0.0,9,6,1.327761429538331
353,1,1,4,0,1,0.23111172096338664,0.2576,0.56,0.1642,0,1,0.5265890341390445
354,1,1,5,0,2,0.23111172096338664,0.2576,0.56,0.1642,1,1,0.7412763113750153
355,1,1,6,0,2,0.23111172096338664,0.2576,0.56,0.1642,0,1,0.5265890341390445
356,1,1,7,0,2,0.2151113796169455,0.2121,0.56,0.2985,0,3,0.8697416861919438
357,1,1,8,0,1,0.1988508587451652,0.2121,0.55,0.2836,0,18,1.372306733580753
358,1,1,9,0,1,0.1988508587451652,0.2121,0.51,0.2537,3,29,1.503300998004841
359,1,1,10,0,1,0.1988508587451652,0.2121,0.51,0.2836,8,71,1.6830650011356274
360,1,1,11,0,1,0.2151113796169455,0.2273,0.44,0.2537,23,70,1.712589050021264
361,1,1,12,0,1,0.2151113796169455,0.2121,0.41,0.2836,29,75,1.7323562465403226
362,1,1,13,0,1,0.23111172096338664,0.2273,0.35,0.2985,23,95,1.7542520263946595
363,1,1,14,0,1,0.2468600779315258,0.2727,0.36,0.2537,22,69,1.7087018253879918
364,1,1,15,0,1,0.23111172096338664,0.2424,0.38,0.2537,35,78,1.7467966996992919
365,1,1,16,0,1,0.2151113796169455,0.2273,0.38,0.2239,22,77,1.7236894193081456
366,1,1,17,0,1,0.1988508587451652,0.2121,0.37,0.2537,23,82,1.7340313214932865
367,1,1,18,0,1,0.18232155679395465,0.2121,0.4,0.1642,11,56,1.6524030880939045
368,1,1,19,0,1,0.16551443847757338,0.197,0.47,0.1343,14,47,1.63454690370149
369,1,1,20,0,1,0.16551443847757338,0.197,0.47,0.1642,7,50,1.6214540309583532
370,1,1,21,0,1,0.16551443847757338,0.197,0.51,0.1642,6,22,1.4741440143630178
371,1,1,22,0,2,0.18232155679395465,0.2121,0.49,0.1343,2,19,1.4087998161504007
372,1,1,23,0,2,0.18232155679395465,0.2273,0.4,0.1045,0,18,1.372306733580753
373,1,1,0,1,2,0.18232155679395465,0.197,0.47,0.2239,1,16,1.358504720646626
374,1,1,1,1,2,0.18232155679395465,0.197,0.44,0.194,1,15,1.3437034446606386
375,1,1,2,1,2,0.16551443847757338,0.1667,0.43,0.2537,0,8,1.1622831138840004
376,1,1,3,1,2,0.16551443847757338,0.1818,0.43,0.194,0,2,0.7412763113750153
377,1,1,4,1,2,0.16551443847757338,0.197,0.43,0.1343,1,2,0.8697416861919438
378,1,1,5,1,2,0.16551443847757338,0.197,0.43,0.1642,0,1,0.5265890341390445
379,1,1,6,1,2,0.16551443847757338,0.1818,0.43,0.194,0,5,1.026672031199051
380,1,1,7,1,2,0.1484200051182733,0.1818,0.5,0.1343,4,9,1.2917246727283112
381,1,1,8,1,2,0.1484200051182733,0.1515,0.47,0.2239,3,30,1.5099182003836584
382,1,1,9,1,2,0.1484200051182733,0.1515,0.47,0.2239,8,39,1.583340520839692
383,1,1,10,1,2,0.1484200051182733,0.1515,0.5,0.2537,7,50,1.6214540309583532
384,1,1,11,1,2,0.1484200051182733,0.1515,0.55,0.194,9,55,1.6437209301888343
385,1,1,12,1,2,0.16551443847757338,0.197,0.47,0.1343,10,70,1.6853704905634923
386,1,1,13,1,2,0.16551443847757338,0.197,0.47,0.1343,13,80,1.712589050021264
387,1,1,14,1,2,0.16551443847757338,0.2121,0.43,0.1045,12,74,1.6985302777514544
388,1,1,15,1,2,0.18232155679395465,0.2121,0.47,0.1642,21,72,1.712589050021264
389,1,1,16,1,2,0.18232155679395465,0.2121,0.47,0.1642,6,76,1.68988188256892
390,1,1,17,1,1,0.18232155679395465,0.197,0.51,0.194,4,67,1.6632944814375767
391,1,1,18,1,2,0.16551443847757338,0.1667,0.55,0.2537,7,85,1.710657776180059
392,1,1,19,1,3,0.16551443847757338,0.1818,0.59,0.194,2,58,1.6313704001963978
393,1,1,20,1,3,0.1484200051182733,0.1515,0.8,0.194,4,29,1.5099182003836584
394,1,1,21,1,3,0.1484200051182733,0.1515,0.8,0.194,3,24,1.4660765372061442
395,1,1,22,1,3,0.13102826240640408,0.1212,0.93,0.2537,0,13,1.2917246727283112
396,1,1,23,1,3,0.1484200051182733,0.1364,0.86,0.2836,1,3,0.9591348389208239
397,1,1,12,2,2,0.18232155679395465,0.1818,0.86,0.3284,0,3,0.8697416861919438
398,1,1,13,2,2,0.18232155679395465,0.197,0.86,0.2239,0,22,1.4196068415100236
399,1,1,14,2,2,0.1988508587451652,0.2273,0.8,0.1642,2,26,1.4741440143630178
400,1,1,15,2,2,0.1988508587451652,0.2273,0.87,0.1642,3,32,1.5224670302876946
401,1,1,16,2,2,0.1988508587451652,0.2273,0.87,0.194,0,61,1.63454690370149
402,1,1,17,2,2,0.1988508587451652,0.2273,0.82,0.194,1,124,1.7640939343176614
403,1,1,18,2,2,0.1988508587451652,0.2273,0.8,0.1642,1,132,1.7745861482661287
404,1,1,19,2,2,0.1988508587451652,0.2273,0.8,0.1343,1,98,1.7236894193081456
405,1,1,20,2,2,0.1988508587451652,0.2727,0.87,0.0,0,83,1.6920895459931111
406,1,1,21,2,2,0.1988508587451652,0.2424,0.93,0.1045,0,41,1.5555453730992024
407,1,1,22,2,2,0.1988508587451652,0.2576,0.93,0.0896,0,33,1.5099182003836584
408,1,1,23,2,2,0.1988508587451652,0.2727,0.93,0.0,1,19,1.3973634811730353
409,1,1,0,3,2,0.1988508587451652,0.2727,0.93,0.0,0,3,0.8697416861919438
410,1,1,1,3,3,0.1988508587451652,0.2273,0.93,0.1343,1,6,1.1247482629090362
411,1,1,2,3,3,0.1988508587451652,0.2273,0.93,0.1343,0,3,0.8697416861919438
412,1,1,4,3,3,0.1988508587451652,0.2273,0.93,0.1343,1,1,0.7412763113750153
413,1,1,5,3,2,0.1988508587451652,0.2576,0.93,0.0896,0,7,1.1247482629090362
414,1,1,6,3,2,0.1988508587451652,0.2576,0.93,0.0896,0,32,1.503300998004841
415,1,1,7,3,2,0.2151113796169455,0.2576,0.92,0.1045,1,89,1.7067206012930416
416,1,1,8,3,2,0.2151113796169455,0.2576,0.93,0.1045,1,196,1.8273919355670145
417,1,1,9,3,2,0.2151113796169455,0.2576,0.93,0.1045,2,107,1.7405504459900154
418,1,1,10,3,2,0.23111172096338664,0.2727,0.93,0.1343,1,46,1.583340520839692
419,1,1,11,3,2,0.2468600779315258,0.303,0.87,0.0896,5,47,1.6034785735048491
420,1,1,12,3,2,0.262364264467491,0.3182,0.81,0.0896,5,65,1.6606403793348095
421,1,1,13,3,1,0.33647223662121295,0.4091,0.62,0.2836,11,67,1.6807250824647135
422,1,1,14,3,1,0.33647223662121295,0.4091,0.58,0.2537,7,68,1.6734888160092363
423,1,1,15,3,1,0.33647223662121295,0.4091,0.54,0.2836,4,78,1.68988188256892
424,1,1,16,3,1,0.3220834991691133,0.3939,0.58,0.3881,10,94,1.7323562465403226
425,1,1,17,3,1,0.3074846997479606,0.3333,0.57,0.3284,7,190,1.8273919355670145
426,1,1,18,3,1,0.29266961396282,0.3182,0.61,0.2836,5,156,1.8062533133730014
427,1,1,19,3,1,0.2776317365982795,0.2879,0.57,0.4179,4,108,1.74525954872198
428,1,1,20,3,1,0.2776317365982795,0.303,0.49,0.2985,2,74,1.6759380249901916
429,1,1,21,3,1,0.2776317365982795,0.2879,0.49,0.4179,4,55,1.6281310150671582
430,1,1,22,3,1,0.262364264467491,0.303,0.52,0.1642,6,53,1.6281310150671582
431,1,1,23,3,1,0.262364264467491,0.2727,0.52,0.4627,1,27,1.4741440143630178
432,1,1,0,4,1,0.23111172096338664,0.2273,0.56,0.3881,5,8,1.2917246727283112
433,1,1,1,4,1,0.23111172096338664,0.2727,0.56,0.0,2,3,1.026672031199051
434,1,1,2,4,1,0.23111172096338664,0.2727,0.56,0.0,0,2,0.7412763113750153
435,1,1,3,4,1,0.23111172096338664,0.2576,0.56,0.1642,0,1,0.5265890341390445
436,1,1,4,4,1,0.23111172096338664,0.2576,0.56,0.1642,0,1,0.5265890341390445
437,1,1,5,4,1,0.2151113796169455,0.2273,0.6,0.2239,0,6,1.0804178182729878
438,1,1,6,4,1,0.1988508587451652,0.2121,0.6,0.2239,0,35,1.5224670302876946
439,1,1,7,4,1,0.1988508587451652,0.2121,0.55,0.2239,1,100,1.7272161148848966
440,1,1,8,4,1,0.1988508587451652,0.2121,0.55,0.2836,2,247,1.8273919355670145
441,1,1,9,4,2,0.2151113796169455,0.2273,0.52,0.2239,3,140,1.7867156538126496
442,1,1,10,4,1,0.23111172096338664,0.2273,0.48,0.2985,1,56,1.6214540309583532
443,1,1,11,4,2,0.2468600779315258,0.2727,0.45,0.1642,5,63,1.6551961525056738
444,1,1,12,4,2,0.262364264467491,0.3333,0.42,0.0,7,77,1.6942663054703442
445,1,1,13,4,2,0.2468600779315258,0.2879,0.45,0.1045,12,86,1.7218947624700471
446,1,1,14,4,2,0.262364264467491,0.303,0.45,0.1343,6,75,1.6876424851132221
447,1,1,15,4,2,0.2776317365982795,0.3182,0.45,0.194,8,62,1.6606403793348095
448,1,1,16,4,2,0.262364264467491,0.303,0.49,0.1343,8,83,1.7087018253879918
449,1,1,17,4,2,0.262364264467491,0.3182,0.49,0.1045,8,207,1.8273919355670145
450,1,1,18,4,2,0.23111172096338664,0.2576,0.56,0.194,1,184,1.8273919355670145
451,1,1,19,4,1,0.23111172096338664,0.2273,0.56,0.3284,6,146,1.7968196318819551
452,1,1,20,4,2,0.23111172096338664,0.2424,0.6,0.2836,2,124,1.765447506801529
453,1,1,21,4,2,0.2151113796169455,0.2273,0.6,0.2537,3,54,1.6214540309583532
454,1,1,22,4,2,0.2151113796169455,0.2121,0.65,0.2836,0,56,1.6180113091810355
455,1,1,23,4,2,0.2151113796169455,0.2121,0.65,0.3284,3,28,1.496434016604423
456,1,1,0,5,2,0.2151113796169455,0.2273,0.7,0.2537,1,20,1.4087998161504007
457,1,1,1,5,2,0.2151113796169455,0.2273,0.7,0.2537,0,6,1.0804178182729878
458,1,1,2,5,3,0.2151113796169455,0.2424,0.75,0.1642,0,2,0.7412763113750153
459,1,1,3,5,3,0.1988508587451652,0.2121,0.8,0.2985,0,1,0.5265890341390445
460,1,1,4,5,2,0.1988508587451652,0.2576,0.87,0.0896,0,1,0.5265890341390445
461,1,1,5,5,1,0.2151113796169455,0.197,0.6,0.4179,1,4,1.026672031199051
462,1,1,6,5,1,0.1988508587451652,0.2121,0.55,0.2537,0,27,1.4660765372061442
463,1,1,7,5,1,0.18232155679395465,0.1818,0.51,0.2836,2,66,1.6551961525056738
464,1,1,8,5,1,0.18232155679395465,0.1818,0.47,0.3284,7,210,1.8273919355670145
465,1,1,9,5,1,0.18232155679395465,0.1818,0.51,0.3582,7,159,1.8112342343546721
466,1,1,10,5,1,0.18232155679395465,0.1667,0.47,0.4627,6,57,1.6407200993500939
467,1,1,11,5,1,0.1988508587451652,0.1818,0.41,0.4627,6,53,1.6281310150671582
468,1,1,12,5,1,0.1988508587451652,0.1818,0.27,0.5821,11,67,1.6807250824647135
469,1,1,13,5,1,0.18232155679395465,0.1515,0.21,0.5821,8,65,1.6684735252826461
470,1,1,14,5,1,0.18232155679395465,0.1515,0.25,0.5224,6,56,1.637662762520353
471,1,1,15,5,1,0.1484200051182733,0.1212,0.26,0.4478,4,61,1.6466671712706678
472,1,1,16,5,1,0.1484200051182733,0.1364,0.26,0.3582,0,97,1.7200786095266942
473,1,1,17,5,1,0.13102826240640408,0.1212,0.28,0.3582,10,151,1.8062533133730014
474,1,1,18,5,1,0.11332868530700317,0.1212,0.3,0.2537,1,119,1.757131886054717
475,1,1,19,5,1,0.11332868530700317,0.1061,0.3,0.3284,3,93,1.7182404735813999
476,1,1,20,5,1,0.09531017980432487,0.0758,0.33,0.4179,1,52,1.607232291151654
477,1,1,21,5,1,0.07696104113612832,0.0758,0.38,0.2836,0,41,1.5555453730992024
478,1,1,22,5,1,0.05826890812397577,0.0303,0.41,0.3881,1,33,1.5163019408528369
479,1,1,23,5,1,0.05826890812397577,0.0455,0.38,0.3284,0,27,1.4660765372061442
480,1,1,0,6,1,0.039220713153281295,0.0303,0.45,0.2537,0,13,1.2917246727283112
481,1,1,1,6,2,0.039220713153281295,0.0,0.41,0.3881,3,9,1.2711498482847257
482,1,1,2,6,2,0.039220713153281295,0.0303,0.41,0.2537,0,11,1.2484412575662103
483,1,1,3,6,2,0.039220713153281295,0.0303,0.41,0.2836,1,6,1.1247482629090362
484,1,1,4,6,2,0.019802627296179712,0.0152,0.48,0.2985,0,3,0.8697416861919438
485,1,1,6,6,2,0.019802627296179712,0.0303,0.44,0.2239,0,2,0.7412763113750153
486,1,1,7,6,1,0.019802627296179712,0.0152,0.44,0.2836,0,8,1.1622831138840004
487,1,1,8,6,1,0.019802627296179712,0.0,0.44,0.3284,1,26,1.4660765372061442
488,1,1,9,6,1,0.039220713153281295,0.0303,0.41,0.2537,3,37,1.5504460211620947
489,1,1,10,6,2,0.039220713153281295,0.0606,0.41,0.1642,3,50,1.607232291151654
490,1,1,11,6,2,0.05826890812397577,0.0758,0.38,0.1343,4,59,1.6407200993500939
491,1,1,12,6,2,0.05826890812397577,0.1061,0.38,0.1045,10,60,1.6606403793348095
492,1,1,13,6,1,0.07696104113612832,0.1667,0.35,0.0,12,72,1.6942663054703442
493,1,1,14,6,1,0.09531017980432487,0.1364,0.33,0.1045,11,64,1.6734888160092363
494,1,1,15,6,1,0.11332868530700317,0.1515,0.28,0.0,10,93,1.7306622908306295
495,1,1,16,6,1,0.11332868530700317,0.1364,0.28,0.194,11,72,1.6920895459931111
496,1,1,17,6,1,0.11332868530700317,0.197,0.28,0.0,8,59,1.6524030880939045
497,1,1,18,6,1,0.07696104113612832,0.0909,0.35,0.194,0,54,1.6109034750189168
498,1,1,19,6,1,0.07696104113612832,0.1061,0.35,0.1343,6,53,1.6281310150671582
499,1,1,20,6,1,0.05826890812397577,0.0758,0.45,0.1642,1,44,1.5745651437258248
500,1,1,21,6,1,0.05826890812397577,0.1061,0.41,0.0896,0,39,1.5451936315479267
501,1,1,22,6,1,0.05826890812397577,0.1515,0.49,0.0,7,23,1.4892992254175486
502,1,1,23,6,1,0.039220713153281295,0.0758,0.57,0.1045,2,31,1.5099182003836584
503,1,1,0,0,1,0.039220713153281295,0.0758,0.57,0.1045,2,20,1.4196068415100236
504,1,1,1,0,1,0.039220713153281295,0.0758,0.57,0.1045,1,12,1.2917246727283112
505,1,1,2,0,1,0.019802627296179712,0.0606,0.62,0.1343,3,15,1.372306733580753
506,1,1,3,0,1,0.019802627296179712,0.0606,0.62,0.1343,1,4,1.026672031199051
507,1,1,5,0,2,0.039220713153281295,0.0758,0.57,0.1045,0,3,0.8697416861919438
508,1,1,6,0,2,0.039220713153281295,0.0758,0.57,0.1045,0,1,0.5265890341390445
509,1,1,7,0,1,0.07696104113612832,0.1061,0.58,0.1642,1,1,0.7412763113750153
510,1,1,8,0,1,0.05826890812397577,0.0758,0.62,0.1642,2,17,1.3852268599316875
511,1,1,9,0,1,0.09531017980432487,0.0758,0.54,0.3582,3,25,1.4741440143630178
512,1,1,10,0,1,0.13102826240640408,0.1061,0.46,0.3881,7,51,1.6248263889219656
513,1,1,11,0,1,0.13102826240640408,0.1364,0.43,0.2239,22,77,1.7236894193081456
514,1,1,12,0,1,0.1484200051182733,0.1212,0.37,0.4627,24,92,1.7513148227387971
515,1,1,13,0,1,0.13102826240640408,0.1061,0.33,0.3881,12,75,1.700619000072578
516,1,1,14,0,1,0.1484200051182733,0.1364,0.28,0.3582,17,93,1.742136743805324
517,1,1,15,0,1,0.1484200051182733,0.1364,0.28,0.3582,13,64,1.6783497616208911
518,1,1,16,0,1,0.1484200051182733,0.1364,0.26,0.3284,9,56,1.6466671712706678
519,1,1,17,0,1,0.13102826240640408,0.1061,0.26,0.3881,5,50,1.6144954397020792
520,1,1,18,0,1,0.11332868530700317,0.1212,0.3,0.2537,5,44,1.5916858743493758
521,1,1,19,0,1,0.11332868530700317,0.1212,0.3,0.2836,5,45,1.5957092304038698
522,1,1,20,0,1,0.09531017980432487,0.1061,0.36,0.2537,4,31,1.5224670302876946
523,1,1,21,0,1,0.09531017980432487,0.1061,0.36,0.194,5,20,1.448822238365871
524,1,1,22,0,1,0.07696104113612832,0.0909,0.38,0.194,5,23,1.4741440143630178
525,1,1,23,0,1,0.05826890812397577,0.0606,0.41,0.2239,4,17,1.4087998161504007
526,1,1,0,1,1,0.05826890812397577,0.0606,0.41,0.194,0,7,1.1247482629090362
527,1,1,1,1,1,0.039220713153281295,0.0455,0.45,0.194,0,1,0.5265890341390445
528,1,1,3,1,1,0.039220713153281295,0.0303,0.45,0.2537,0,1,0.5265890341390445
529,1,1,4,1,1,0.019802627296179712,0.0606,0.48,0.1343,0,1,0.5265890341390445
530,1,1,5,1,1,0.019802627296179712,0.0606,0.48,0.1343,0,5,1.026672031199051
531,1,1,6,1,1,0.019802627296179712,0.0758,0.48,0.0896,0,15,1.327761429538331
532,1,1,7,1,1,0.019802627296179712,0.1212,0.48,0.0,5,79,1.6942663054703442
533,1,1,8,1,1,0.039220713153281295,0.1364,0.49,0.0,6,171,1.8216068302034107
534,1,1,9,1,1,0.05826890812397577,0.1515,0.41,0.0,4,98,1.7289490519659823
535,1,1,10,1,1,0.09531017980432487,0.1364,0.42,0.0,6,34,1.5504460211620947
536,1,1,11,1,1,0.09531017980432487,0.1212,0.46,0.1343,3,43,1.579009137828587
537,1,1,12,1,2,0.11332868530700317,0.1364,0.42,0.194,11,52,1.6407200993500939
538,1,1,13,1,2,0.13102826240640408,0.1364,0.43,0.2239,6,54,1.6313704001963978
539,1,1,14,1,2,0.13102826240640408,0.1364,0.46,0.2239,2,43,1.5745651437258248
540,1,1,15,1,1,0.1484200051182733,0.1667,0.4,0.1642,7,50,1.6214540309583532
541,1,1,16,1,1,0.1484200051182733,0.1515,0.47,0.2537,4,66,1.6606403793348095
542,1,1,17,1,1,0.13102826240640408,0.1212,0.5,0.2537,6,178,1.8273919355670145
543,1,1,18,1,1,0.13102826240640408,0.1364,0.59,0.194,8,145,1.797899348601363
544,1,1,19,1,1,0.13102826240640408,0.1515,0.54,0.1642,5,101,1.7356879059276584
545,1,1,20,1,1,0.13102826240640408,0.1364,0.59,0.194,1,80,1.6876424851132221
546,1,1,21,1,1,0.13102826240640408,0.1515,0.63,0.1642,6,53,1.6281310150671582
547,1,1,22,1,2,0.13102826240640408,0.1364,0.63,0.2239,3,32,1.5224670302876946
548,1,1,23,1,2,0.1484200051182733,0.1515,0.64,0.2537,3,21,1.4395687003478859
549,1,1,0,2,2,0.1484200051182733,0.1364,0.69,0.2836,3,6,1.1947055233182955
550,1,1,1,2,2,0.1484200051182733,0.1667,0.69,0.1642,0,5,1.026672031199051
551,1,1,2,2,1,0.1484200051182733,0.1515,0.69,0.2239,0,2,0.7412763113750153
552,1,1,4,2,1,0.13102826240640408,0.1667,0.74,0.1045,0,1,0.5265890341390445
553,1,1,5,2,1,0.13102826240640408,0.1364,0.74,0.2239,0,9,1.1947055233182955
554,1,1,6,2,1,0.1484200051182733,0.1818,0.74,0.1045,1,35,1.5284269505599697
555,1,1,7,2,1,0.1484200051182733,0.1515,0.74,0.2239,5,103,1.7389471062414084
556,1,1,8,2,2,0.1484200051182733,0.1818,0.74,0.1343,5,233,1.8273919355670145
557,1,1,9,2,2,0.18232155679395465,0.2273,0.64,0.0896,10,134,1.7878742218230284
558,1,1,10,2,2,0.1988508587451652,0.2424,0.6,0.1045,6,49,1.6144954397020792
559,1,1,11,2,2,0.2151113796169455,0.2424,0.6,0.1343,6,55,1.63454690370149
560,1,1,12,2,2,0.23111172096338664,0.2879,0.56,0.0896,21,85,1.7356879059276584
561,1,1,13,2,2,0.23111172096338664,0.2727,0.56,0.1343,21,72,1.712589050021264
562,1,1,14,2,2,0.262364264467491,0.3333,0.45,0.0,11,57,1.6551961525056738
563,1,1,15,2,2,0.2776317365982795,0.3485,0.42,0.0,21,63,1.6942663054703442
564,1,1,16,2,2,0.2776317365982795,0.3485,0.42,0.0,14,102,1.7513148227387971
565,1,1,17,2,1,0.262364264467491,0.3333,0.45,0.0,14,208,1.8273919355670145
566,1,1,18,2,2,0.262364264467491,0.3182,0.49,0.0896,7,218,1.8273919355670145
567,1,1,19,2,2,0.23111172096338664,0.2576,0.65,0.1642,13,133,1.7901636276798083
568,1,1,20,2,1,0.2151113796169455,0.2273,0.65,0.194,16,103,1.755698992678211
569,1,1,21,2,1,0.2151113796169455,0.2273,0.65,0.194,5,40,1.5745651437258248
570,1,1,22,2,1,0.1988508587451652,0.2273,0.64,0.1642,4,49,1.607232291151654
571,1,1,23,2,2,0.1988508587451652,0.2273,0.64,0.1642,3,37,1.5504460211620947
572,1,1,0,3,2,0.1988508587451652,0.2273,0.69,0.1343,3,14,1.358504720646626
573,1,1,1,3,2,0.2151113796169455,0.2424,0.65,0.1343,0,5,1.026672031199051
574,1,1,2,3,3,0.1988508587451652,0.2273,0.69,0.194,3,7,1.223156202527103
575,1,1,5,3,3,0.18232155679395465,0.1818,0.86,0.2836,0,1,0.5265890341390445
576,1,1,6,3,3,0.18232155679395465,0.1818,0.86,0.2836,0,8,1.1622831138840004
577,1,1,7,3,3,0.1988508587451652,0.2121,0.87,0.2985,1,29,1.4892992254175486
578,1,1,8,3,3,0.1988508587451652,0.2121,0.87,0.2985,3,69,1.6659050929776016
579,1,1,9,3,3,0.1988508587451652,0.2121,0.87,0.2985,3,55,1.6248263889219656
580,1,1,10,3,3,0.1988508587451652,0.2121,0.93,0.2836,2,26,1.4741440143630178
581,1,1,11,3,3,0.1988508587451652,0.197,0.93,0.3284,6,35,1.5555453730992024
582,1,1,12,3,3,0.1988508587451652,0.197,0.93,0.3284,7,41,1.5875644833216505
583,1,1,13,3,3,0.1988508587451652,0.197,0.93,0.3284,4,43,1.583340520839692
584,1,1,14,3,3,0.1988508587451652,0.197,0.93,0.3582,0,36,1.5284269505599697
585,1,1,15,3,3,0.1988508587451652,0.1818,0.93,0.4627,1,42,1.5653166550596793
586,1,1,16,3,4,0.1988508587451652,0.197,0.93,0.3284,1,35,1.5284269505599697
587,1,1,17,3,3,0.18232155679395465,0.1818,0.93,0.3582,0,26,1.4576463830228739
588,1,1,16,4,1,0.1988508587451652,0.2273,0.55,0.194,1,23,1.4395687003478859
589,1,1,17,4,1,0.1988508587451652,0.2424,0.55,0.1045,2,82,1.6942663054703442
590,1,1,18,4,1,0.18232155679395465,0.2273,0.69,0.0896,3,101,1.7323562465403226
591,1,1,19,4,1,0.18232155679395465,0.2273,0.69,0.0896,3,76,1.6830650011356274
592,1,1,20,4,1,0.16551443847757338,0.2121,0.74,0.0896,4,55,1.6281310150671582
593,1,1,21,4,1,0.16551443847757338,0.2121,0.74,0.0896,2,36,1.5397794579522743
594,1,1,22,4,1,0.16551443847757338,0.2121,0.74,0.0896,0,27,1.4660765372061442
595,1,1,23,4,1,0.16551443847757338,0.197,0.8,0.1642,0,16,1.3437034446606386
596,1,1,0,5,2,0.18232155679395465,0.2121,0.75,0.1343,0,9,1.1947055233182955
597,1,1,1,5,2,0.18232155679395465,0.2121,0.75,0.1343,1,2,0.8697416861919438
598,1,1,2,5,2,0.18232155679395465,0.2121,0.75,0.1642,0,2,0.7412763113750153
599,1,1,3,5,2,0.18232155679395465,0.2273,0.75,0.1045,1,0,0.5265890341390445
600,1,1,5,5,2,0.16551443847757338,0.2121,0.8,0.1045,0,4,0.9591348389208239
601,1,1,6,5,2,0.16551443847757338,0.197,0.8,0.1343,0,16,1.3437034446606386
602,1,1,7,5,2,0.1484200051182733,0.197,0.86,0.0896,2,58,1.6313704001963978
603,1,1,8,5,2,0.1484200051182733,0.197,0.86,0.0896,2,155,1.8021379316915813
604,1,1,9,5,3,0.16551443847757338,0.2121,0.86,0.0896,6,95,1.7272161148848966
605,1,1,10,5,3,0.16551443847757338,0.2121,0.86,0.1045,0,49,1.5916858743493758
606,1,1,11,5,3,0.16551443847757338,0.2121,0.93,0.1045,0,30,1.4892992254175486
607,1,1,12,5,3,0.16551443847757338,0.2121,0.93,0.1045,1,28,1.4818766360989102
608,1,1,13,5,3,0.16551443847757338,0.2121,0.93,0.1045,0,31,1.496434016604423
609,1,1,14,5,3,0.1988508587451652,0.2727,0.8,0.0,2,36,1.5397794579522743
610,1,1,15,5,2,0.18232155679395465,0.2576,0.86,0.0,1,40,1.5555453730992024
620,1,1,1,6,1,0.1988508587451652,0.2273,0.64,0.194,0,20,1.3973634811730353
621,1,1,2,6,1,0.1988508587451652,0.2273,0.64,0.1642,0,15,1.327761429538331
622,1,1,3,6,1,0.18232155679395465,0.2121,0.64,0.1343,3,5,1.1622831138840004
623,1,1,4,6,1,0.1484200051182733,0.1818,0.69,0.1045,1,2,0.8697416861919438
624,1,1,6,6,1,0.1484200051182733,0.1818,0.64,0.1343,0,2,0.7412763113750153
625,1,1,7,6,1,0.1484200051182733,0.1818,0.59,0.1045,1,4,1.026672031199051
626,1,1,8,6,1,0.16551443847757338,0.197,0.55,0.1642,3,31,1.5163019408528369
627,1,1,9,6,1,0.16551443847757338,0.2121,0.59,0.0896,0,34,1.5163019408528369
628,1,1,10,6,2,0.16551443847757338,0.2121,0.64,0.1045,4,51,1.6144954397020792
629,1,1,11,6,2,0.16551443847757338,0.197,0.64,0.1343,4,60,1.6437209301888343
630,1,1,12,6,2,0.18232155679395465,0.197,0.59,0.194,12,66,1.6807250824647135
631,1,1,13,6,2,0.1988508587451652,0.2273,0.55,0.1642,9,56,1.6466671712706678
632,1,1,14,6,2,0.1988508587451652,0.2273,0.6,0.1343,10,89,1.7236894193081456
633,1,1,15,6,1,0.1988508587451652,0.2121,0.69,0.2537,22,98,1.757131886054717
634,1,1,16,6,1,0.2151113796169455,0.2424,0.6,0.1642,19,88,1.7373263784001205
635,1,1,17,6,1,0.2151113796169455,0.2879,0.6,0.0,9,82,1.7087018253879918
636,1,1,18,6,1,0.1988508587451652,0.2273,0.69,0.1343,9,59,1.6551961525056738
637,1,1,19,6,2,0.1988508587451652,0.2121,0.69,0.2537,6,52,1.6248263889219656
638,1,1,20,6,1,0.16551443847757338,0.2121,0.74,0.0896,1,42,1.5653166550596793
639,1,1,21,6,1,0.16551443847757338,0.2121,0.74,0.0896,1,35,1.5284269505599697
640,1,1,22,6,1,0.1484200051182733,0.197,0.8,0.0896,4,28,1.503300998004841
641,1,1,23,6,1,0.1484200051182733,0.197,0.8,0.0896,3,30,1.5099182003836584
642,1,1,0,0,1,0.1484200051182733,0.1818,0.8,0.1045,0,33,1.5099182003836584
643,1,1,1,0,1,0.13102826240640408,0.2121,0.8,0.0,7,22,1.4818766360989102
644,1,1,2,0,1,0.1484200051182733,0.2273,0.8,0.0,1,10,1.2484412575662103
645,1,1,3,0,1,0.13102826240640408,0.2121,0.93,0.0,1,7,1.1622831138840004
646,1,1,4,0,1,0.13102826240640408,0.2121,0.93,0.0,0,1,0.5265890341390445
647,1,1,5,0,1,0.13102826240640408,0.2121,0.86,0.0,0,3,0.8697416861919438
648,1,1,7,0,1,0.13102826240640408,0.2121,0.86,0.0,0,3,0.8697416861919438
649,1,1,8,0,2,0.13102826240640408,0.2121,0.86,0.0,1,11,1.2711498482847257
650,1,1,9,0,2,0.1484200051182733,0.2273,0.8,0.0,4,34,1.5397794579522743
651,1,1,10,0,2,0.16551443847757338,0.2424,0.8,0.0,7,57,1.6437209301888343
652,1,1,11,0,1,0.1988508587451652,0.2727,0.75,0.0,9,50,1.6281310150671582
653,1,1,12,0,1,0.262364264467491,0.3182,0.52,0.1045,10,87,1.7200786095266942
654,1,1,13,0,1,0.2468600779315258,0.2879,0.61,0.1045,13,71,1.6942663054703442
655,1,1,14,0,1,0.2468600779315258,0.303,0.61,0.0896,18,104,1.7599564649868773
656,1,1,15,0,1,0.262364264467491,0.3333,0.56,0.0,14,95,1.7405504459900154
657,1,1,16,0,1,0.262364264467491,0.3333,0.56,0.0,19,104,1.7613486395430595
658,1,1,17,0,1,0.262364264467491,0.2879,0.56,0.194,6,71,1.6783497616208911
659,1,1,18,0,1,0.23111172096338664,0.2576,0.65,0.1642,8,57,1.6466671712706678
660,1,1,19,0,1,0.23111172096338664,0.2576,0.65,0.194,9,46,1.6144954397020792
661,1,1,20,0,2,0.23111172096338664,0.2727,0.65,0.1045,3,30,1.5099182003836584
662,1,1,21,0,2,0.2151113796169455,0.2424,0.7,0.1642,3,25,1.4741440143630178
663,1,1,22,0,2,0.2151113796169455,0.2273,0.7,0.194,2,19,1.4087998161504007
664,1,1,23,0,2,0.2151113796169455,0.2121,0.65,0.2836,5,16,1.4087998161504007
665,1,1,0,1,2,0.2151113796169455,0.2273,0.65,0.2239,1,6,1.1247482629090362
666,1,1,1,1,1,0.1988508587451652,0.2121,0.64,0.2537,2,5,1.1247482629090362
667,1,1,2,1,1,0.1988508587451652,0.2273,0.64,0.194,0,1,0.5265890341390445
668,1,1,3,1,1,0.1988508587451652,0.2273,0.64,0.194,0,2,0.7412763113750153
669,1,1,4,1,1,0.18232155679395465,0.197,0.59,0.2239,0,2,0.7412763113750153
670,1,1,5,1,1,0.16551443847757338,0.1667,0.64,0.2836,0,8,1.1622831138840004
671,1,1,6,1,1,0.1484200051182733,0.1364,0.69,0.3284,0,37,1.5341940066777084
672,1,1,7,1,2,0.1484200051182733,0.1364,0.64,0.2836,1,71,1.6659050929776016
673,1,1,8,1,2,0.1484200051182733,0.1364,0.59,0.2836,3,182,1.8273919355670145
674,1,1,9,1,2,0.1484200051182733,0.1364,0.59,0.2985,0,112,1.74525954872198
675,1,1,10,1,2,0.1484200051182733,0.1515,0.59,0.194,1,68,1.6579414149579819
676,1,1,11,1,2,0.1484200051182733,0.1515,0.59,0.194,2,46,1.5875644833216505
677,1,1,12,1,2,0.16551443847757338,0.2121,0.55,0.1045,6,62,1.6551961525056738
678,1,1,13,1,2,0.1484200051182733,0.2273,0.59,0.0,2,52,1.6109034750189168
679,1,1,14,1,2,0.16551443847757338,0.197,0.55,0.1343,1,85,1.6985302777514544
680,1,1,15,1,2,0.1484200051182733,0.1818,0.59,0.1343,3,41,1.570002974208493
681,1,1,16,1,2,0.1484200051182733,0.1818,0.56,0.194,3,83,1.6985302777514544
682,1,1,17,1,2,0.1484200051182733,0.1515,0.59,0.194,6,155,1.8062533133730014
683,1,1,18,1,2,0.1484200051182733,0.1515,0.55,0.2239,3,153,1.801090104041353
684,1,1,19,1,1,0.262364264467491,0.3182,0.61,0.1045,3,108,1.7437063358613225
685,1,1,20,1,3,0.1484200051182733,0.1667,0.59,0.1642,0,78,1.6807250824647135
686,1,1,21,1,3,0.1484200051182733,0.197,0.59,0.0896,3,53,1.6180113091810355
687,1,1,22,1,2,0.1484200051182733,0.1818,0.59,0.1045,0,34,1.5163019408528369
688,1,1,23,1,2,0.1484200051182733,0.197,0.64,0.0896,2,15,1.358504720646626
689,1,2,0,2,2,0.1484200051182733,0.1818,0.64,0.1045,2,6,1.1622831138840004
690,1,2,1,2,2,0.1484200051182733,0.1818,0.69,0.1045,0,3,0.8697416861919438
691,1,2,2,2,2,0.1484200051182733,0.2273,0.69,0.0,0,2,0.7412763113750153
692,1,2,3,2,2,0.1484200051182733,0.2273,0.69,0.0,0,2,0.7412763113750153
693,1,2,5,2,3,0.13102826240640408,0.2121,0.93,0.0,0,3,0.8697416861919438
694,1,2,6,2,3,0.13102826240640408,0.2121,0.93,0.0,0,22,1.4196068415100236
695,1,2,7,2,3,0.1484200051182733,0.2273,0.93,0.0,0,52,1.6034785735048491
696,1,2,8,2,3,0.1484200051182733,0.2273,0.93,0.0,3,132,1.777094949793928
697,1,2,9,2,2,0.1484200051182733,0.2273,0.93,0.0,2,114,1.7513148227387971
698,1,2,10,2,2,0.1484200051182733,0.2273,0.93,0.0,0,47,1.583340520839692
699,1,2,11,2,2,0.16551443847757338,0.2424,0.86,0.0,2,49,1.5996388013001024
700,1,2,12,2,2,0.18232155679395465,0.2576,0.86,0.0,2,53,1.6144954397020792
701,1,2,13,2,2,0.18232155679395465,0.2576,0.86,0.0,3,49,1.6034785735048491
702,1,2,14,2,2,0.1988508587451652,0.2576,0.8,0.0896,5,49,1.6109034750189168
703,1,2,15,2,2,0.2151113796169455,0.2879,0.75,0.0,7,45,1.6034785735048491
704,1,2,16,2,2,0.2151113796169455,0.2424,0.75,0.1343,3,61,1.6437209301888343
705,1,2,17,2,2,0.2151113796169455,0.2879,0.75,0.0,4,172,1.8206950566924849
706,1,2,18,2,2,0.2151113796169455,0.2576,0.81,0.1045,3,165,1.8131782269605679
707,1,2,19,2,2,0.2151113796169455,0.2424,0.81,0.1343,3,105,1.7389471062414084
708,1,2,20,2,2,0.1988508587451652,0.2273,0.87,0.1343,5,69,1.6710010327416251
709,1,2,21,2,2,0.1988508587451652,0.2273,0.87,0.1343,0,64,1.6437209301888343
710,1,2,22,2,2,0.1988508587451652,0.2576,0.87,0.0896,2,34,1.5284269505599697
711,1,2,23,2,3,0.18232155679395465,0.197,0.93,0.194,1,15,1.3437034446606386
712,1,2,0,3,3,0.1988508587451652,0.2424,0.93,0.1045,0,2,0.7412763113750153
713,1,2,1,3,3,0.1988508587451652,0.2273,0.93,0.194,0,3,0.8697416861919438
714,1,2,2,3,3,0.1988508587451652,0.2273,0.93,0.1343,4,0,0.9591348389208239
715,1,2,3,3,3,0.1988508587451652,0.2273,0.93,0.1343,0,1,0.5265890341390445
716,1,2,4,3,3,0.1988508587451652,0.2121,0.93,0.2836,0,1,0.5265890341390445
717,1,2,5,3,3,0.1988508587451652,0.2424,0.93,0.1045,0,3,0.8697416861919438
718,1,2,6,3,3,0.1988508587451652,0.2424,0.93,0.1045,1,17,1.372306733580753
719,1,2,7,3,3,0.1988508587451652,0.2121,0.93,0.2239,1,48,1.5916858743493758
720,1,2,8,3,3,0.1988508587451652,0.2121,0.93,0.2239,1,154,1.8000344713048928
721,1,2,9,3,2,0.2151113796169455,0.2576,0.93,0.0896,4,119,1.7613486395430595
722,1,2,10,3,2,0.1988508587451652,0.2727,1.0,0.0,2,59,1.63454690370149
723,1,2,11,3,2,0.2151113796169455,0.2273,0.93,0.194,5,47,1.6034785735048491
724,1,2,12,3,2,0.2151113796169455,0.2273,0.93,0.2239,3,61,1.6437209301888343
725,1,2,13,3,1,0.29266961396282,0.3333,0.93,0.1642,1,74,1.6734888160092363
726,1,2,14,3,1,0.3220834991691133,0.3939,0.82,0.3881,2,61,1.6407200993500939
727,1,2,15,3,1,0.3220834991691133,0.3939,0.76,0.3284,10,66,1.6759380249901916
728,1,2,16,3,1,0.3074846997479606,0.3333,0.71,0.2985,8,95,1.7306622908306295
729,1,2,17,3,1,0.3074846997479606,0.3182,0.53,0.5224,7,183,1.8273919355670145
730,1,2,18,3,1,0.29266961396282,0.2879,0.42,0.5522,7,175,1.8260781474077188
731,1,2,19,3,1,0.2468600779315258,0.2424,0.45,0.4925,3,88,1.7087018253879918
732,1,2,20,3,1,0.2151113796169455,0.197,0.48,0.5522,4,71,1.6734888160092363
733,1,2,21,3,1,0.1988508587451652,0.197,0.47,0.3284,1,62,1.6407200993500939
734,1,2,22,3,1,0.1988508587451652,0.2121,0.44,0.2537,5,35,1.5504460211620947
735,1,2,23,3,1,0.18232155679395465,0.1667,0.44,0.4478,3,29,1.503300998004841
736,1,2,0,4,1,0.18232155679395465,0.1667,0.4,0.4478,1,11,1.2711498482847257
737,1,2,1,4,1,0.18232155679395465,0.1515,0.44,0.5224,0,5,1.026672031199051
738,1,2,2,4,1,0.16551443847757338,0.1667,0.43,0.2537,0,2,0.7412763113750153
739,1,2,3,4,1,0.16551443847757338,0.1667,0.43,0.2537,0,1,0.5265890341390445
740,1,2,5,4,1,0.1484200051182733,0.1364,0.5,0.2985,0,2,0.7412763113750153
741,1,2,6,4,1,0.1484200051182733,0.1364,0.43,0.3582,0,39,1.5451936315479267
742,1,2,7,4,1,0.13102826240640408,0.1212,0.5,0.3284,1,86,1.700619000072578
743,1,2,8,4,1,0.13102826240640408,0.1212,0.5,0.3582,4,184,1.8273919355670145
744,1,2,9,4,1,0.1484200051182733,0.1364,0.47,0.2985,6,127,1.7745861482661287
745,1,2,10,4,1,0.16551443847757338,0.1515,0.43,0.3284,2,50,1.6034785735048491
746,1,2,11,4,1,0.16551443847757338,0.1364,0.43,0.4478,9,55,1.6437209301888343
747,1,2,12,4,1,0.18232155679395465,0.1818,0.4,0.3582,2,67,1.6579414149579819
748,1,2,13,4,1,0.18232155679395465,0.1667,0.4,0.4179,4,47,1.5996388013001024
749,1,2,14,4,1,0.1988508587451652,0.197,0.37,0.3881,4,43,1.583340520839692
750,1,2,15,4,1,0.1988508587451652,0.197,0.37,0.3284,4,56,1.6313704001963978
751,1,2,16,4,1,0.1988508587451652,0.2121,0.37,0.2537,5,73,1.6807250824647135
752,1,2,17,4,1,0.18232155679395465,0.197,0.4,0.194,5,170,1.8197772781208725
753,1,2,18,4,1,0.18232155679395465,0.2121,0.4,0.1642,2,145,1.791294740218941
754,1,2,19,4,1,0.18232155679395465,0.2576,0.4,0.0,4,92,1.7182404735813999
755,1,2,20,4,1,0.18232155679395465,0.2273,0.47,0.0896,1,108,1.7405504459900154
756,1,2,21,4,1,0.16551443847757338,0.2121,0.55,0.1045,1,53,1.6109034750189168
757,1,2,22,4,1,0.16551443847757338,0.2121,0.51,0.0896,2,39,1.5555453730992024
758,1,2,23,4,1,0.18232155679395465,0.2273,0.47,0.1045,4,34,1.5397794579522743
759,1,2,0,5,2,0.18232155679395465,0.2576,0.44,0.0,3,10,1.2917246727283112
760,1,2,1,5,2,0.1484200051182733,0.2273,0.59,0.0,0,7,1.1247482629090362
761,1,2,2,5,2,0.13102826240640408,0.1667,0.63,0.1045,0,1,0.5265890341390445
762,1,2,3,5,2,0.13102826240640408,0.1667,0.63,0.1045,0,1,0.5265890341390445
763,1,2,5,5,2,0.13102826240640408,0.1515,0.63,0.1343,0,7,1.1247482629090362
764,1,2,6,5,2,0.1484200051182733,0.2273,0.55,0.0,2,26,1.4741440143630178
765,1,2,7,5,1,0.13102826240640408,0.2121,0.59,0.0,0,87,1.700619000072578
766,1,2,8,5,1,0.13102826240640408,0.1515,0.74,0.1343,3,217,1.8273919355670145
767,1,2,9,5,2,0.1484200051182733,0.1818,0.8,0.1343,3,124,1.7667886546960463
768,1,2,10,5,2,0.18232155679395465,0.2121,0.51,0.1343,5,46,1.5996388013001024
769,1,2,11,5,1,0.1988508587451652,0.2273,0.51,0.1642,3,61,1.6437209301888343
770,1,2,12,5,2,0.2151113796169455,0.2424,0.48,0.1642,8,78,1.6985302777514544
771,1,2,13,5,2,0.23111172096338664,0.2576,0.5,0.2239,9,73,1.68988188256892
772,1,2,14,5,2,0.2468600779315258,0.2727,0.45,0.1642,15,76,1.7087018253879918
773,1,2,15,5,2,0.2468600779315258,0.2727,0.48,0.2537,9,81,1.7067206012930416
774,1,2,16,5,2,0.262364264467491,0.2879,0.42,0.2239,8,91,1.7236894193081456
775,1,2,17,5,2,0.23111172096338664,0.2727,0.56,0.1343,10,195,1.8273919355670145
776,1,2,18,5,2,0.2151113796169455,0.2576,0.6,0.1045,3,152,1.8000344713048928
777,1,2,19,5,2,0.2151113796169455,0.2424,0.65,0.1343,1,102,1.7306622908306295
778,1,2,20,5,2,0.2151113796169455,0.2424,0.65,0.1642,2,69,1.6632944814375767
779,1,2,21,5,2,0.2151113796169455,0.2424,0.7,0.1642,2,41,1.5653166550596793
780,1,2,22,5,2,0.2151113796169455,0.2424,0.65,0.1642,1,45,1.579009137828587
781,1,2,23,5,2,0.2151113796169455,0.2424,0.7,0.1343,1,30,1.496434016604423
782,1,2,0,6,2,0.2151113796169455,0.2424,0.7,0.1642,3,36,1.5451936315479267
783,1,2,1,6,2,0.2151113796169455,0.2424,0.65,0.1642,1,17,1.372306733580753
784,1,2,2,6,2,0.2151113796169455,0.2424,0.75,0.1642,5,12,1.358504720646626
785,1,2,3,6,2,0.2151113796169455,0.2424,0.75,0.1642,1,10,1.2484412575662103
786,1,2,4,6,3,0.1988508587451652,0.2273,0.93,0.1343,0,8,1.1622831138840004
787,1,2,5,6,3,0.18232155679395465,0.2273,1.0,0.0896,0,9,1.1947055233182955
788,1,2,6,6,3,0.18232155679395465,0.2576,1.0,0.0,0,4,0.9591348389208239
789,1,2,7,6,3,0.1988508587451652,0.2576,0.93,0.0896,0,4,0.9591348389208239
790,1,2,8,6,3,0.18232155679395465,0.2273,1.0,0.0896,0,10,1.223156202527103
791,1,2,9,6,3,0.18232155679395465,0.2273,1.0,0.0896,3,17,1.3973634811730353
792,1,2,10,6,3,0.18232155679395465,0.2121,1.0,0.1343,3,31,1.5163019408528369
793,1,2,11,6,3,0.1988508587451652,0.2273,1.0,0.1343,1,46,1.583340520839692
794,1,2,12,6,3,0.1988508587451652,0.2273,1.0,0.1642,10,42,1.6034785735048491
795,1,2,13,6,3,0.1988508587451652,0.2273,1.0,0.1642,10,62,1.6659050929776016
796,1,2,14,6,3,0.1988508587451652,0.2727,1.0,0.0,5,50,1.6144954397020792
797,1,2,15,6,3,0.1988508587451652,0.2727,1.0,0.0,11,49,1.6313704001963978
798,1,2,16,6,3,0.1988508587451652,0.2273,1.0,0.1343,8,63,1.6632944814375767
799,1,2,17,6,2,0.2151113796169455,0.2121,1.0,0.2836,14,64,1.6807250824647135
800,1,2,18,6,2,0.2468600779315258,0.2424,0.93,0.4478,2,81,1.6920895459931111
801,1,2,19,6,2,0.2468600779315258,0.2424,0.93,0.4478,6,78,1.6942663054703442
802,1,2,20,6,1,0.262364264467491,0.2879,0.87,0.2537,5,64,1.6579414149579819
803,1,2,21,6,1,0.23111172096338664,0.2576,1.0,0.194,3,53,1.6180113091810355
804,1,2,22,6,1,0.23111172096338664,0.2727,0.93,0.1343,2,43,1.5745651437258248
805,1,2,23,6,1,0.23111172096338664,0.2576,0.93,0.2239,7,52,1.6281310150671582
806,1,2,0,0,1,0.23111172096338664,0.2576,0.7,0.194,2,37,1.5451936315479267
807,1,2,1,0,1,0.23111172096338664,0.2273,0.65,0.4179,4,40,1.570002974208493
808,1,2,2,0,1,0.23111172096338664,0.2273,0.6,0.3284,0,20,1.3973634811730353
809,1,2,3,0,1,0.23111172096338664,0.2879,0.6,0.0896,3,10,1.2917246727283112
810,1,2,4,0,1,0.23111172096338664,0.2273,0.6,0.3582,0,2,0.7412763113750153
811,1,2,5,0,1,0.23111172096338664,0.2576,0.6,0.2239,0,1,0.5265890341390445
812,1,2,6,0,1,0.23111172096338664,0.2576,0.6,0.2239,0,1,0.5265890341390445
813,1,2,7,0,1,0.2151113796169455,0.2424,0.65,0.1642,0,8,1.1622831138840004
814,1,2,8,0,1,0.2151113796169455,0.2576,0.65,0.1045,2,21,1.4298455472897516
815,1,2,9,0,1,0.2468600779315258,0.2879,0.56,0.1045,7,38,1.5745651437258248
816,1,2,10,0,1,0.262364264467491,0.2879,0.52,0.2537,15,74,1.7047134862451474
817,1,2,11,0,1,0.2776317365982795,0.303,0.49,0.2537,28,89,1.752790725901759
818,1,2,12,0,1,0.29266961396282,0.3333,0.46,0.0,48,126,1.818853419699573
819,1,2,13,0,1,0.29266961396282,0.3636,0.46,0.0,47,135,1.8260781474077188
820,1,2,14,0,1,0.29266961396282,0.3485,0.46,0.0896,47,114,1.8062533133730014
821,1,2,15,0,1,0.29266961396282,0.3485,0.46,0.0896,52,130,1.8260781474077188
822,1,2,16,0,1,0.29266961396282,0.3485,0.49,0.1045,42,115,1.8021379316915813
823,1,2,17,0,1,0.29266961396282,0.3636,0.46,0.0,24,97,1.7585509609170316
824,1,2,18,0,1,0.262364264467491,0.303,0.56,0.1642,13,65,1.6807250824647135
825,1,2,19,0,1,0.2468600779315258,0.2879,0.61,0.1343,1,20,1.4087998161504007
826,1,2,20,0,1,0.2468600779315258,0.2879,0.61,0.1045,5,21,1.4576463830228739
827,1,2,21,0,1,0.23111172096338664,0.303,0.6,0.0,5,22,1.4660765372061442
828,1,2,22,0,1,0.23111172096338664,0.303,0.6,0.0,5,57,1.637662762520353
829,1,2,23,0,1,0.2151113796169455,0.2879,0.65,0.0,4,26,1.4892992254175486
830,1,2,0,1,1,0.2151113796169455,0.2879,0.65,0.0,1,14,1.327761429538331
831,1,2,1,1,1,0.1988508587451652,0.2727,0.75,0.0,1,4,1.026672031199051
832,1,2,2,1,1,0.18232155679395465,0.2576,0.8,0.0,0,3,0.8697416861919438
833,1,2,3,1,1,0.18232155679395465,0.2576,0.86,0.0,0,1,0.5265890341390445
834,1,2,4,1,1,0.18232155679395465,0.2576,0.86,0.0,1,1,0.7412763113750153
835,1,2,5,1,1,0.18232155679395465,0.2576,0.86,0.0,1,9,1.223156202527103
836,1,2,6,1,1,0.16551443847757338,0.2424,0.93,0.0,1,29,1.4892992254175486
837,1,2,7,1,1,0.16551443847757338,0.2424,0.86,0.0,6,89,1.7163798514467992
838,1,2,8,1,2,0.1484200051182733,0.2273,1.0,0.0,7,223,1.8273919355670145
839,1,2,9,1,1,0.1988508587451652,0.2727,0.8,0.0,3,115,1.7542520263946595
840,1,2,10,1,1,0.2151113796169455,0.2576,0.75,0.1045,6,49,1.6144954397020792
841,1,2,11,1,1,0.262364264467491,0.3182,0.65,0.0896,11,36,1.583340520839692
842,1,2,12,1,2,0.2776317365982795,0.3485,0.62,0.0,7,59,1.6495606454510718
843,1,2,13,1,2,0.3074846997479606,0.3636,0.57,0.0896,10,54,1.6437209301888343
844,1,2,14,1,2,0.3074846997479606,0.3636,0.57,0.0896,8,52,1.6313704001963978
845,1,2,15,1,2,0.3220834991691133,0.3939,0.54,0.0896,4,46,1.5957092304038698
846,1,2,16,1,2,0.3074846997479606,0.3485,0.57,0.1343,16,98,1.748318097194945
847,1,2,17,1,2,0.2776317365982795,0.3182,0.7,0.1642,9,207,1.8273919355670145
848,1,2,18,1,2,0.29266961396282,0.3333,0.66,0.1343,5,170,1.8197772781208725
849,1,2,19,1,2,0.2776317365982795,0.3485,0.7,0.0,5,123,1.7681175901689328
850,1,2,20,1,2,0.2776317365982795,0.3333,0.7,0.1045,6,82,1.7026798402849839
851,1,2,21,1,1,0.2776317365982795,0.3485,0.7,0.0,3,75,1.6807250824647135
852,1,2,22,1,1,0.2468600779315258,0.303,0.81,0.0896,3,34,1.5341940066777084
853,1,2,23,1,2,0.262364264467491,0.3333,0.81,0.0,6,19,1.448822238365871
854,1,2,0,2,2,0.2468600779315258,0.3182,0.87,0.0,4,6,1.223156202527103
855,1,2,1,2,2,0.2468600779315258,0.3182,0.87,0.0,0,4,0.9591348389208239
856,1,2,2,2,2,0.23111172096338664,0.2727,0.93,0.1045,1,1,0.7412763113750153
857,1,2,3,2,3,0.2468600779315258,0.2727,0.93,0.1642,0,1,0.5265890341390445
858,1,2,4,2,1,0.23111172096338664,0.2576,0.93,0.1642,0,3,0.8697416861919438
859,1,2,5,2,1,0.23111172096338664,0.2273,0.81,0.3284,0,2,0.7412763113750153
860,1,2,6,2,1,0.23111172096338664,0.2273,0.7,0.3284,0,39,1.5451936315479267
861,1,2,7,2,1,0.2151113796169455,0.197,0.65,0.4179,3,97,1.7254630513334037
862,1,2,8,2,1,0.2151113796169455,0.197,0.56,0.4925,7,236,1.8273919355670145
863,1,2,9,2,1,0.2151113796169455,0.197,0.52,0.4925,7,128,1.777094949793928
864,1,2,10,2,1,0.1988508587451652,0.1818,0.47,0.5522,4,44,1.5875644833216505
865,1,2,11,2,1,0.1988508587451652,0.1818,0.47,0.4627,1,49,1.5957092304038698
866,1,2,12,2,1,0.2151113796169455,0.197,0.38,0.4925,2,63,1.6466671712706678
867,1,2,13,2,2,0.2151113796169455,0.197,0.32,0.4478,2,48,1.5957092304038698
868,1,2,14,2,1,0.1988508587451652,0.197,0.37,0.4179,3,61,1.6437209301888343
869,1,2,15,2,1,0.1988508587451652,0.197,0.35,0.3881,6,45,1.5996388013001024
870,1,2,16,2,1,0.1988508587451652,0.1818,0.35,0.5224,4,79,1.6920895459931111
871,1,2,17,2,1,0.1988508587451652,0.1818,0.32,0.5821,4,172,1.8206950566924849
872,1,2,18,2,1,0.18232155679395465,0.1818,0.32,0.3881,1,151,1.7968196318819551
873,1,2,19,2,1,0.1484200051182733,0.1212,0.4,0.4627,1,100,1.7272161148848966
874,1,2,20,2,1,0.1484200051182733,0.1364,0.4,0.3284,3,53,1.6180113091810355
875,1,2,21,2,1,0.13102826240640408,0.1061,0.33,0.4627,8,46,1.6109034750189168
876,1,2,22,2,1,0.11332868530700317,0.1061,0.33,0.3582,0,29,1.4818766360989102
877,1,2,23,2,1,0.11332868530700317,0.1061,0.33,0.3284,3,9,1.2711498482847257
878,1,2,0,3,1,0.09531017980432487,0.0758,0.36,0.3582,0,17,1.358504720646626
879,1,2,1,3,1,0.09531017980432487,0.1061,0.36,0.2239,0,7,1.1247482629090362
880,1,2,2,3,1,0.07696104113612832,0.0758,0.38,0.2836,1,2,0.8697416861919438
881,1,2,3,3,1,0.05826890812397577,0.0758,0.45,0.1343,0,2,0.7412763113750153
882,1,2,5,3,1,0.05826890812397577,0.1061,0.45,0.1045,0,7,1.1247482629090362
883,1,2,6,3,1,0.05826890812397577,0.1515,0.45,0.0,0,43,1.5653166550596793
884,1,2,7,3,1,0.05826890812397577,0.1061,0.49,0.1045,4,95,1.7236894193081456
885,1,2,8,3,1,0.09531017980432487,0.1364,0.42,0.0,1,198,1.8273919355670145
886,1,2,9,3,1,0.11332868530700317,0.1364,0.39,0.1642,4,119,1.7613486395430595
887,1,2,10,3,1,0.13102826240640408,0.1818,0.36,0.0,8,51,1.6281310150671582
888,1,2,11,3,2,0.13102826240640408,0.1515,0.43,0.1642,1,40,1.5555453730992024
889,1,2,12,3,2,0.16551443847757338,0.1818,0.4,0.2239,4,57,1.63454690370149
890,1,2,13,3,1,0.16551443847757338,0.1667,0.4,0.2537,2,67,1.6579414149579819
891,1,2,14,3,1,0.18232155679395465,0.1818,0.34,0.2985,2,56,1.6248263889219656
892,1,2,15,3,2,0.18232155679395465,0.1818,0.34,0.2836,3,61,1.6437209301888343
893,1,2,16,3,2,0.18232155679395465,0.197,0.37,0.2537,7,72,1.6830650011356274
894,1,2,17,3,2,0.18232155679395465,0.197,0.34,0.2537,9,157,1.8112342343546721
895,1,2,18,3,2,0.16551443847757338,0.1667,0.47,0.2985,2,168,1.8150956430032537
896,1,2,19,3,3,0.13102826240640408,0.1212,0.86,0.2537,1,87,1.7026798402849839
897,1,2,20,3,3,0.13102826240640408,0.1515,0.86,0.1642,0,84,1.6942663054703442
898,1,2,21,3,2,0.13102826240640408,0.1515,0.86,0.1642,0,83,1.6920895459931111
899,1,2,22,3,3,0.1484200051182733,0.1667,0.8,0.1642,4,42,1.579009137828587
900,1,2,23,3,3,0.1484200051182733,0.1515,0.8,0.194,0,37,1.5341940066777084
901,1,2,0,4,3,0.13102826240640408,0.1364,0.86,0.194,0,16,1.3437034446606386
902,1,2,1,4,3,0.13102826240640408,0.1515,0.8,0.1343,0,7,1.1247482629090362
903,1,2,2,4,3,0.13102826240640408,0.1515,0.8,0.1343,0,3,0.8697416861919438
904,1,2,4,4,2,0.13102826240640408,0.1364,0.59,0.2239,0,1,0.5265890341390445
905,1,2,5,4,2,0.11332868530700317,0.1212,0.5,0.2239,0,6,1.0804178182729878
906,1,2,6,4,2,0.11332868530700317,0.1212,0.54,0.2836,0,26,1.4576463830228739
907,1,2,7,4,1,0.09531017980432487,0.0758,0.5,0.4179,0,99,1.7236894193081456
908,1,2,8,4,1,0.09531017980432487,0.0758,0.49,0.3284,5,173,1.8225126721028055
909,1,2,9,4,1,0.11332868530700317,0.1061,0.42,0.3582,1,121,1.7599564649868773
910,1,2,10,4,1,0.11332868530700317,0.1061,0.42,0.2985,1,34,1.5224670302876946
911,1,2,11,4,1,0.13102826240640408,0.1212,0.39,0.3582,1,44,1.5745651437258248
912,1,2,12,4,1,0.1484200051182733,0.1364,0.34,0.3881,4,65,1.6579414149579819
913,1,2,13,4,1,0.16551443847757338,0.1667,0.29,0.2985,3,59,1.637662762520353
914,1,2,14,4,1,0.18232155679395465,0.1818,0.27,0.2836,6,42,1.5875644833216505
915,1,2,15,4,1,0.18232155679395465,0.197,0.25,0.2537,0,50,1.5957092304038698
916,1,2,16,4,1,0.18232155679395465,0.1818,0.27,0.2985,4,76,1.6853704905634923
917,1,2,17,4,1,0.16551443847757338,0.1818,0.26,0.194,6,159,1.8102520538839093
918,1,2,18,4,1,0.1484200051182733,0.1818,0.28,0.1343,3,157,1.8052356503890232
919,1,2,19,4,1,0.13102826240640408,0.1667,0.28,0.1045,2,110,1.74525954872198
920,1,2,20,4,1,0.13102826240640408,0.1818,0.31,0.0896,4,93,1.7200786095266942
921,1,2,21,4,1,0.13102826240640408,0.2121,0.39,0.0,2,70,1.6659050929776016
922,1,2,22,4,1,0.11332868530700317,0.197,0.39,0.0,4,47,1.5996388013001024
923,1,2,23,4,1,0.11332868530700317,0.1515,0.42,0.1045,1,33,1.5163019408528369
924,1,2,0,5,1,0.09531017980432487,0.1364,0.49,0.1045,2,12,1.3105061862047918
925,1,2,1,5,1,0.09531017980432487,0.1364,0.54,0.0896,1,6,1.1247482629090362
926,1,2,2,5,1,0.09531017980432487,0.1364,0.54,0.0896,0,3,0.8697416861919438
927,1,2,5,5,1,0.07696104113612832,0.1212,0.63,0.0896,0,4,0.9591348389208239
928,1,2,6,5,1,0.09531017980432487,0.1818,0.68,0.0,1,23,1.4395687003478859
929,1,2,7,5,1,0.07696104113612832,0.1667,0.73,0.0,1,73,1.6710010327416251
930,1,2,8,5,1,0.09531017980432487,0.1212,0.74,0.1642,4,212,1.8273919355670145
931,1,2,9,5,1,0.11332868530700317,0.1212,0.74,0.2239,8,132,1.783182776049518
932,1,2,10,5,1,0.13102826240640408,0.1364,0.69,0.194,5,39,1.570002974208493
933,1,2,11,5,1,0.1988508587451652,0.2273,0.47,0.1343,12,52,1.6437209301888343
934,1,2,12,5,1,0.1988508587451652,0.2273,0.47,0.1343,7,64,1.6632944814375767
935,1,2,13,5,1,0.2151113796169455,0.2273,0.35,0.194,21,89,1.742136743805324
936,1,2,14,5,1,0.262364264467491,0.2879,0.26,0.2537,17,67,1.6942663054703442
937,1,2,15,5,1,0.2776317365982795,0.3182,0.21,0.1642,12,62,1.6710010327416251
938,1,2,16,5,1,0.262364264467491,0.2879,0.28,0.194,14,111,1.7640939343176614
939,1,2,17,5,1,0.262364264467491,0.3333,0.24,0.0,18,193,1.8273919355670145
940,1,2,18,5,1,0.2468600779315258,0.3182,0.28,0.0,9,165,1.818853419699573
941,1,2,19,5,1,0.23111172096338664,0.303,0.33,0.0,7,94,1.7272161148848966
942,1,2,20,5,1,0.1988508587451652,0.2273,0.55,0.1343,2,61,1.6407200993500939
943,1,2,21,5,1,0.18232155679395465,0.2121,0.59,0.1343,1,46,1.583340520839692
944,1,2,22,5,1,0.18232155679395465,0.2273,0.64,0.0896,2,41,1.5653166550596793
945,1,2,23,5,1,0.16551443847757338,0.2424,0.69,0.0,5,48,1.607232291151654
946,1,2,0,6,1,0.1484200051182733,0.197,0.69,0.0896,3,27,1.4892992254175486
947,1,2,1,6,1,0.13102826240640408,0.2121,0.86,0.0,2,22,1.4395687003478859
948,1,2,2,6,1,0.13102826240640408,0.2121,0.8,0.0,2,13,1.327761429538331
949,1,2,3,6,1,0.11332868530700317,0.197,0.8,0.0,3,7,1.223156202527103
950,1,2,4,6,1,0.11332868530700317,0.1667,0.74,0.0896,0,4,0.9591348389208239
951,1,2,5,6,1,0.11332868530700317,0.1667,0.74,0.0896,0,1,0.5265890341390445
952,1,2,6,6,1,0.11332868530700317,0.1364,0.93,0.194,1,1,0.7412763113750153
953,1,2,7,6,1,0.11332868530700317,0.1515,0.8,0.1045,2,9,1.2484412575662103
954,1,2,8,6,1,0.13102826240640408,0.1515,0.86,0.1343,2,28,1.4892992254175486
955,1,2,9,6,1,0.1484200051182733,0.1818,0.64,0.1343,5,38,1.5653166550596793
956,1,2,10,6,1,0.1988508587451652,0.2121,0.41,0.2537,13,71,1.6942663054703442
957,1,2,11,6,1,0.262364264467491,0.2727,0.28,0.3284,30,84,1.748318097194945
958,1,2,12,6,1,0.262364264467491,0.2727,0.39,0.4627,27,93,1.757131886054717
959,1,2,13,6,1,0.262364264467491,0.2727,0.39,0.4179,32,103,1.777094949793928
960,1,2,14,6,1,0.29266961396282,0.3182,0.31,0.2836,30,90,1.757131886054717
961,1,2,15,6,1,0.29266961396282,0.303,0.29,0.4179,47,127,1.818853419699573
962,1,2,16,6,1,0.29266961396282,0.303,0.29,0.4179,42,103,1.7890235001604364
963,1,2,17,6,1,0.2776317365982795,0.2879,0.31,0.5224,24,113,1.7795609835022244
964,1,2,18,6,1,0.2468600779315258,0.2576,0.38,0.3284,4,60,1.6437209301888343
965,1,2,19,6,1,0.2468600779315258,0.2727,0.38,0.1642,2,39,1.5555453730992024
966,1,2,20,6,1,0.23111172096338664,0.2576,0.41,0.2239,1,39,1.5504460211620947
967,1,2,21,6,1,0.23111172096338664,0.303,0.41,0.0,9,42,1.5996388013001024
968,1,2,22,6,1,0.2151113796169455,0.2576,0.44,0.0896,6,39,1.5745651437258248
969,1,2,23,6,1,0.1988508587451652,0.2273,0.51,0.1343,1,31,1.503300998004841
970,1,2,0,0,1,0.18232155679395465,0.2273,0.64,0.1045,5,34,1.5451936315479267
971,1,2,1,0,1,0.18232155679395465,0.2273,0.59,0.0896,1,23,1.4395687003478859
972,1,2,2,0,2,0.18232155679395465,0.2273,0.75,0.0896,1,19,1.3973634811730353
973,1,2,3,0,2,0.18232155679395465,0.2273,0.69,0.1045,4,8,1.2711498482847257
974,1,2,4,0,2,0.18232155679395465,0.2121,0.69,0.1642,0,2,0.7412763113750153
975,1,2,6,0,2,0.18232155679395465,0.2121,0.69,0.1343,2,3,1.026672031199051
976,1,2,7,0,2,0.1988508587451652,0.2727,0.55,0.0,0,3,0.8697416861919438
977,1,2,8,0,2,0.1988508587451652,0.2273,0.64,0.194,1,11,1.2711498482847257
978,1,2,9,0,2,0.2151113796169455,0.2273,0.6,0.2239,12,35,1.583340520839692
979,1,2,10,0,1,0.262364264467491,0.2727,0.45,0.3284,19,86,1.7340313214932865
980,1,2,11,0,1,0.2776317365982795,0.2879,0.39,0.4478,26,86,1.74525954872198
981,1,2,12,0,1,0.3074846997479606,0.3182,0.32,0.4627,58,94,1.7968196318819551
982,1,2,13,0,1,0.3220834991691133,0.3939,0.29,0.3582,62,92,1.798970923559588
983,1,2,14,0,2,0.33647223662121295,0.4091,0.3,0.4179,51,110,1.8062533133730014
984,1,2,15,0,2,0.33647223662121295,0.4091,0.3,0.2985,40,122,1.8072636887169242
985,1,2,16,0,2,0.3506568716131694,0.4242,0.28,0.3284,28,106,1.775845981748474
986,1,2,17,0,1,0.3506568716131694,0.4242,0.28,0.3284,30,95,1.7640939343176614
987,1,2,18,0,1,0.33647223662121295,0.4091,0.32,0.2985,17,78,1.7163798514467992
988,1,2,19,0,1,0.33647223662121295,0.4091,0.35,0.2836,11,50,1.63454690370149
989,1,2,20,0,1,0.33647223662121295,0.4091,0.35,0.3284,15,32,1.583340520839692
990,1,2,21,0,1,0.33647223662121295,0.4091,0.35,0.3582,6,45,1.5996388013001024
991,1,2,22,0,1,0.33647223662121295,0.4091,0.35,0.2985,5,31,1.5284269505599697
992,1,2,23,0,1,0.33647223662121295,0.4091,0.35,0.3582,3,27,1.4892992254175486
993,1,2,0,1,1,0.3220834991691133,0.3939,0.37,0.3582,3,8,1.2484412575662103
994,1,2,1,1,1,0.3220834991691133,0.3939,0.37,0.3582,1,6,1.1247482629090362
995,1,2,2,1,1,0.3074846997479606,0.3333,0.4,0.2985,0,2,0.7412763113750153
996,1,2,3,1,1,0.29266961396282,0.3182,0.46,0.2239,1,1,0.7412763113750153
997,1,2,4,1,1,0.2776317365982795,0.303,0.53,0.2836,0,2,0.7412763113750153
998,1,2,5,1,1,0.2776317365982795,0.303,0.53,0.2836,0,3,0.8697416861919438
999,1,2,6,1,1,0.29266961396282,0.303,0.46,0.2985,1,25,1.4576463830228739
1000,1,2,7,1,1,0.29266961396282,0.303,0.46,0.2985,2,96,1.7218947624700471
611,1,1,16,5,1,0.1988508587451652,0.2727,0.8,0.0,10,70,1.6853704905634923
612,1,1,17,5,1,0.2151113796169455,0.2424,0.75,0.1343,2,147,1.7935304491330344
613,1,1,18,5,1,0.2151113796169455,0.2273,0.75,0.194,2,107,1.7405504459900154
614,1,1,19,5,2,0.2151113796169455,0.2424,0.75,0.1343,5,84,1.7047134862451474
615,1,1,20,5,2,0.2151113796169455,0.2273,0.7,0.194,1,61,1.637662762520353
616,1,1,21,5,2,0.1988508587451652,0.2273,0.75,0.1343,1,57,1.6248263889219656
617,1,1,22,5,1,0.2151113796169455,0.2121,0.65,0.3582,0,26,1.4576463830228739
618,1,1,23,5,1,0.2151113796169455,0.2273,0.6,0.2239,1,22,1.4298455472897516
619,1,1,0,6,1,0.1988508587451652,0.197,0.64,0.3582,2,26,1.4741440143630178
